age,workclass,education,hours_per_week,capital_gain,income
56,Government,Doctorate,43,6832,>50K
47,Government,HS-grad,35,5119,>50K
41,Self-emp,Masters,36,640,>50K
32,Other,Doctorate,43,3984,>50K
60,Self-emp,Some-college,24,6469,>50K
57,Self-emp,Masters,46,5907,>50K
44,Private,HS-grad,59,708,>50K
45,Other,Doctorate,30,3466,>50K
45,Government,HS-grad,30,7882,>50K
19,Other,Some-college,52,7262,<=50K
48,Other,Bachelors,55,3852,>50K
49,Private,Some-college,46,2810,>50K
38,Government,Bachelors,23,3928,<=50K
62,Other,Bachelors,40,613,>50K
35,Private,HS-grad,53,7283,>50K
39,Other,Masters,50,2350,>50K
30,Private,Doctorate,23,2729,<=50K
69,Other,Some-college,37,4934,>50K
54,Private,Some-college,60,4757,>50K
63,Self-emp,Masters,57,4109,>50K
62,Government,Doctorate,39,2268,>50K
20,Self-emp,Masters,34,7522,<=50K
50,Self-emp,HS-grad,40,7645,>50K
66,Government,Bachelors,23,1116,>50K
29,Private,Doctorate,57,5595,>50K
57,Government,Masters,32,653,>50K
26,Other,HS-grad,33,7899,<=50K
65,Private,Bachelors,45,4252,>50K
27,Self-emp,Doctorate,44,3199,>50K
35,Other,Doctorate,41,4779,>50K
47,Other,Bachelors,31,3578,>50K
37,Government,Some-college,58,3713,>50K
39,Private,Bachelors,59,38,>50K
47,Self-emp,HS-grad,25,5832,<=50K
23,Other,Doctorate,48,2665,>50K
51,Government,Some-college,23,1887,<=50K
67,Private,Some-college,60,6557,>50K
30,Self-emp,Masters,41,7840,>50K
31,Other,Bachelors,36,2149,<=50K
58,Other,Bachelors,44,698,>50K
62,Self-emp,Some-college,38,4245,>50K
51,Self-emp,Doctorate,39,3036,>50K
22,Self-emp,Doctorate,20,5466,<=50K
43,Private,HS-grad,49,6121,>50K
60,Other,Masters,33,4973,>50K
56,Self-emp,HS-grad,29,4911,>50K
22,Self-emp,Doctorate,53,1038,>50K
40,Government,Bachelors,60,3668,>50K
69,Government,Some-college,31,4654,>50K
65,Government,Bachelors,23,1391,>50K
43,Self-emp,Bachelors,41,2177,>50K
36,Other,Bachelors,35,7474,>50K
43,Other,HS-grad,48,4948,>50K
21,Private,Masters,51,5302,<=50K
65,Government,Some-college,45,6734,>50K
33,Private,Some-college,45,2850,<=50K
35,Other,Doctorate,25,6711,>50K
50,Government,Doctorate,38,3670,>50K
48,Self-emp,Some-college,43,2147,>50K
44,Government,HS-grad,27,4712,<=50K
32,Self-emp,Bachelors,31,308,<=50K
66,Self-emp,Some-college,58,2841,>50K
67,Private,Masters,45,7049,>50K
25,Government,Masters,47,1546,<=50K
54,Self-emp,Masters,54,7278,>50K
22,Private,Masters,34,5196,<=50K
69,Other,HS-grad,54,6074,>50K
45,Other,Bachelors,38,540,>50K
38,Self-emp,Bachelors,31,5399,<=50K
49,Private,HS-grad,44,7521,>50K
41,Government,Some-college,21,4613,<=50K
42,Self-emp,Doctorate,34,4332,>50K
18,Government,Masters,56,5066,<=50K
55,Other,Masters,27,4960,>50K
35,Government,Doctorate,57,7699,>50K
30,Government,Some-college,46,7317,<=50K
60,Private,Doctorate,51,242,>50K
68,Self-emp,Bachelors,22,6551,>50K
31,Government,Some-college,47,7221,<=50K
22,Private,Bachelors,58,2539,<=50K
45,Self-emp,HS-grad,43,1187,<=50K
37,Other,Some-college,42,7985,<=50K
53,Government,Doctorate,45,4742,>50K
57,Government,HS-grad,45,5865,>50K
50,Other,Doctorate,59,4827,>50K
49,Self-emp,Masters,57,6053,>50K
24,Other,Masters,21,4736,<=50K
41,Self-emp,HS-grad,53,2448,>50K
48,Self-emp,Masters,57,1540,>50K
27,Government,Doctorate,33,702,<=50K
32,Private,Bachelors,26,3072,<=50K
66,Self-emp,Bachelors,60,7125,>50K
50,Other,Masters,44,3294,>50K
52,Private,Masters,50,2294,>50K
61,Other,Doctorate,44,97,>50K
36,Government,Doctorate,51,141,>50K
61,Other,HS-grad,44,4375,>50K
41,Private,Doctorate,32,4153,>50K
31,Government,Doctorate,27,2857,>50K
48,Other,Some-college,23,2700,<=50K
19,Government,HS-grad,35,524,<=50K
36,Government,Doctorate,56,713,>50K
63,Government,Bachelors,36,7684,>50K
28,Government,Masters,31,519,<=50K
65,Other,Masters,20,1725,>50K
51,Other,Masters,20,4245,>50K
57,Private,Bachelors,42,3888,>50K
21,Other,Some-college,41,2729,<=50K
53,Other,HS-grad,34,765,>50K
66,Self-emp,HS-grad,33,3072,>50K
47,Private,Some-college,22,7379,<=50K
46,Other,Doctorate,23,3693,>50K
50,Government,Bachelors,59,1793,>50K
50,Government,Some-college,22,1433,<=50K
68,Government,HS-grad,28,7820,>50K
65,Other,HS-grad,41,2691,>50K
19,Government,Bachelors,39,1520,<=50K
60,Self-emp,Bachelors,33,4182,>50K
64,Private,Some-college,23,518,>50K
34,Private,Some-college,35,4149,<=50K
25,Self-emp,HS-grad,57,2972,<=50K
69,Other,HS-grad,38,1160,>50K
48,Self-emp,Doctorate,29,6210,>50K
56,Self-emp,HS-grad,27,1517,>50K
49,Private,Some-college,60,4290,>50K
57,Private,Bachelors,33,7156,>50K
48,Government,Bachelors,27,7445,>50K
33,Government,Some-college,41,1091,<=50K
28,Self-emp,HS-grad,22,7750,<=50K
22,Self-emp,Some-college,41,5878,<=50K
37,Private,Doctorate,35,1022,>50K
64,Private,Bachelors,25,1396,>50K
39,Other,Some-college,51,3341,<=50K
32,Private,HS-grad,27,6449,<=50K
18,Private,Doctorate,41,836,<=50K
18,Government,Some-college,56,6742,<=50K
46,Self-emp,HS-grad,58,7491,>50K
44,Self-emp,Bachelors,25,2535,<=50K
36,Private,HS-grad,59,3793,<=50K
35,Self-emp,Bachelors,50,1790,>50K
21,Other,Some-college,25,2281,<=50K
22,Self-emp,HS-grad,27,2001,<=50K
67,Private,Masters,37,5904,>50K
21,Private,HS-grad,53,5300,<=50K
29,Other,Bachelors,24,1978,<=50K
45,Self-emp,Doctorate,54,6292,>50K
43,Private,Doctorate,58,4077,>50K
35,Government,HS-grad,32,4978,<=50K
22,Private,Doctorate,39,5791,>50K
37,Government,Masters,29,202,<=50K
65,Self-emp,HS-grad,31,6244,>50K
42,Private,HS-grad,30,5014,<=50K
29,Other,Bachelors,50,7479,>50K
27,Private,Doctorate,47,6678,>50K
68,Government,HS-grad,30,6348,>50K
35,Other,Doctorate,52,5777,>50K
27,Other,Doctorate,40,6435,>50K
45,Private,Some-college,45,4577,>50K
21,Other,Bachelors,49,3169,<=50K
44,Government,Some-college,21,5062,<=50K
37,Private,Some-college,52,4086,<=50K
25,Private,Some-college,45,7295,<=50K
58,Self-emp,Masters,58,5745,>50K
27,Other,Masters,54,833,<=50K
45,Private,Some-college,52,2251,>50K
64,Other,Masters,49,7196,>50K
66,Other,Bachelors,52,5083,>50K
25,Self-emp,Masters,43,7311,>50K
68,Self-emp,Masters,36,588,>50K
56,Private,HS-grad,45,1021,>50K
24,Self-emp,Masters,40,551,<=50K
27,Self-emp,Masters,57,397,>50K
39,Government,Doctorate,49,2030,>50K
59,Government,Doctorate,24,4330,>50K
23,Private,Masters,31,4349,<=50K
61,Other,Masters,56,3316,>50K
66,Government,Doctorate,46,3278,>50K
34,Government,Bachelors,57,7512,>50K
42,Government,Some-college,23,890,<=50K
29,Private,Masters,25,6571,<=50K
32,Other,Bachelors,22,6123,<=50K
31,Government,Doctorate,22,7883,>50K
56,Other,Masters,30,6297,>50K
52,Other,HS-grad,42,6746,>50K
30,Other,Some-college,42,4701,<=50K
58,Government,Doctorate,36,3108,>50K
44,Other,Masters,36,4024,>50K
50,Government,Doctorate,58,3888,>50K
55,Self-emp,HS-grad,24,5969,>50K
19,Government,HS-grad,53,1798,<=50K
58,Government,HS-grad,51,4741,>50K
50,Other,HS-grad,60,3229,>50K
66,Government,Some-college,52,1734,>50K
61,Private,Bachelors,54,6480,>50K
59,Self-emp,Bachelors,44,4307,>50K
55,Other,Bachelors,35,6119,>50K
59,Government,Bachelors,40,2018,>50K
47,Other,Doctorate,39,2199,>50K
38,Private,HS-grad,50,4683,<=50K
50,Private,Doctorate,29,7692,>50K
44,Private,Masters,44,7285,>50K
65,Private,Doctorate,36,5880,>50K
55,Self-emp,Masters,28,640,>50K
23,Government,Doctorate,53,7829,>50K
32,Government,Bachelors,42,4583,<=50K
64,Self-emp,Some-college,51,1479,>50K
51,Self-emp,Bachelors,30,5799,>50K
65,Other,Bachelors,31,1786,>50K
21,Private,Masters,44,1472,<=50K
24,Other,Some-college,59,2084,<=50K
21,Other,Bachelors,57,567,<=50K
20,Other,Bachelors,50,4083,<=50K
31,Other,Some-college,23,1760,<=50K
46,Other,Doctorate,60,3732,>50K
46,Government,Bachelors,43,3312,>50K
39,Self-emp,Masters,27,20,<=50K
39,Government,Some-college,49,2939,<=50K
66,Self-emp,Some-college,29,7829,>50K
23,Government,Bachelors,27,4583,<=50K
60,Private,Doctorate,30,1580,>50K
57,Government,Doctorate,22,3529,>50K
69,Self-emp,Masters,40,5538,>50K
58,Private,HS-grad,29,3276,>50K
61,Other,Doctorate,39,1199,>50K
48,Government,Bachelors,36,5902,>50K
38,Other,HS-grad,20,4839,<=50K
44,Self-emp,Masters,35,2214,>50K
43,Self-emp,Some-college,60,4191,>50K
56,Government,HS-grad,43,2536,>50K
29,Other,Some-college,28,3509,<=50K
48,Other,HS-grad,38,1147,<=50K
38,Government,Bachelors,48,598,>50K
29,Private,Some-college,36,2284,<=50K
60,Other,Bachelors,26,2238,>50K
45,Government,Bachelors,50,3865,>50K
57,Private,HS-grad,44,6280,>50K
31,Government,Some-college,31,1330,<=50K
32,Private,Doctorate,41,325,>50K
48,Private,Bachelors,32,4535,>50K
68,Self-emp,HS-grad,37,5001,>50K
65,Private,Bachelors,25,7960,>50K
56,Government,Masters,23,3618,>50K
22,Private,Bachelors,31,654,<=50K
68,Self-emp,HS-grad,31,4575,>50K
47,Self-emp,Masters,39,6508,>50K
27,Private,Masters,52,7238,>50K
55,Self-emp,Some-college,26,4724,>50K
29,Other,Bachelors,21,2372,<=50K
27,Government,Some-college,43,2546,<=50K
31,Private,Bachelors,45,5227,<=50K
21,Self-emp,HS-grad,60,7017,<=50K
44,Government,HS-grad,38,4811,<=50K
29,Self-emp,Some-college,23,1818,<=50K
42,Private,Some-college,43,1936,<=50K
39,Government,Bachelors,53,3682,>50K
18,Government,Masters,57,4252,<=50K
37,Self-emp,HS-grad,44,2096,<=50K
68,Government,HS-grad,32,5740,>50K
47,Self-emp,Bachelors,33,1700,>50K
28,Self-emp,Masters,46,4487,>50K
40,Private,Doctorate,55,7464,>50K
53,Private,Bachelors,44,5739,>50K
39,Self-emp,HS-grad,29,4286,<=50K
25,Self-emp,Bachelors,29,3448,<=50K
56,Self-emp,Doctorate,38,6671,>50K
49,Other,Doctorate,41,5421,>50K
32,Private,Bachelors,30,758,<=50K
45,Private,Some-college,49,7624,>50K
34,Government,Some-college,28,7451,<=50K
40,Government,Masters,42,5103,>50K
25,Other,Doctorate,58,949,>50K
21,Self-emp,Masters,49,1547,<=50K
32,Private,Some-college,41,959,<=50K
32,Government,Some-college,37,5684,<=50K
43,Other,Bachelors,54,7279,>50K
58,Other,Bachelors,47,7495,>50K
26,Government,Some-college,23,2742,<=50K
20,Self-emp,Masters,59,6363,>50K
47,Self-emp,Some-college,58,7529,>50K
50,Government,Bachelors,46,945,>50K
69,Other,Doctorate,24,4051,>50K
41,Government,Masters,27,3459,>50K
22,Private,Bachelors,24,780,<=50K
47,Private,Bachelors,49,2688,>50K
60,Self-emp,Doctorate,57,3041,>50K
65,Government,Masters,58,1789,>50K
48,Self-emp,HS-grad,34,7471,>50K
33,Government,Doctorate,52,6226,>50K
34,Private,Doctorate,58,7801,>50K
51,Government,Masters,24,2096,>50K
63,Other,HS-grad,40,5441,>50K
49,Government,HS-grad,37,3660,>50K
29,Government,HS-grad,23,1424,<=50K
30,Self-emp,Masters,33,6490,>50K
41,Other,Doctorate,35,5053,>50K
45,Government,Doctorate,29,818,>50K
31,Private,Some-college,58,1060,<=50K
55,Other,Masters,51,3650,>50K
29,Other,Doctorate,59,758,>50K
47,Government,HS-grad,30,5625,>50K
66,Private,Bachelors,47,6592,>50K
55,Private,Bachelors,38,2453,>50K
45,Private,HS-grad,27,7361,<=50K
40,Government,Some-college,53,2414,<=50K
61,Other,Some-college,45,1298,>50K
53,Other,Some-college,24,7823,>50K
22,Self-emp,Doctorate,25,1433,<=50K
67,Other,Masters,38,1144,>50K
66,Other,Doctorate,23,5635,>50K
51,Private,Some-college,48,4773,>50K
24,Government,Masters,53,5442,>50K
28,Self-emp,Bachelors,32,3875,<=50K
24,Private,HS-grad,57,6038,<=50K
54,Self-emp,Doctorate,32,6170,>50K
65,Self-emp,Masters,26,3033,>50K
66,Private,HS-grad,60,2808,>50K
35,Other,HS-grad,27,1650,<=50K
59,Other,Bachelors,25,3595,>50K
66,Other,HS-grad,48,2593,>50K
24,Self-emp,Masters,44,2182,<=50K
44,Government,Doctorate,47,5576,>50K
40,Self-emp,Some-college,39,6237,<=50K
23,Private,Doctorate,50,4445,>50K
35,Other,Some-college,51,367,<=50K
37,Government,HS-grad,35,3168,<=50K
29,Private,Doctorate,34,7891,>50K
66,Private,HS-grad,28,4678,>50K
58,Self-emp,HS-grad,38,5280,>50K
68,Private,Masters,33,6702,>50K
31,Government,Bachelors,31,7166,<=50K
53,Other,Masters,48,5059,>50K
41,Self-emp,Bachelors,51,4275,>50K
27,Other,Masters,42,7089,>50K
60,Self-emp,Masters,21,7757,>50K
50,Private,Some-college,36,2808,>50K
23,Other,Some-college,60,6093,<=50K
24,Private,Some-college,43,5733,<=50K
41,Private,Bachelors,47,5911,>50K
22,Government,Some-college,54,693,<=50K
54,Government,Some-college,56,5099,>50K
60,Government,Masters,45,2800,>50K
33,Self-emp,Masters,41,2958,>50K
65,Other,Bachelors,56,6285,>50K
33,Other,HS-grad,59,5232,<=50K
26,Self-emp,Some-college,34,3298,<=50K
68,Self-emp,Doctorate,51,6657,>50K
27,Private,Bachelors,49,1080,<=50K
25,Self-emp,Masters,50,2471,<=50K
54,Self-emp,Doctorate,23,3340,>50K
49,Self-emp,Doctorate,46,1864,>50K
53,Government,Masters,34,1306,>50K
43,Other,Bachelors,35,5346,>50K
57,Government,Doctorate,52,4223,>50K
58,Private,Doctorate,46,7737,>50K
37,Self-emp,Some-college,36,1718,<=50K
36,Other,Masters,54,5869,>50K
28,Government,Masters,25,5145,<=50K
41,Government,Masters,32,5558,>50K
34,Other,HS-grad,37,3543,<=50K
32,Other,Masters,29,5696,>50K
54,Government,Some-college,26,3114,>50K
58,Government,Some-college,47,5833,>50K
46,Other,Masters,41,2379,>50K
20,Other,Masters,59,490,<=50K
38,Self-emp,Bachelors,28,6553,<=50K
69,Other,Doctorate,50,7793,>50K
48,Government,HS-grad,46,4577,>50K
52,Government,Some-college,48,2610,>50K
61,Private,Bachelors,38,6259,>50K
64,Government,Some-college,49,2958,>50K
50,Self-emp,HS-grad,35,6237,>50K
45,Self-emp,Masters,49,805,>50K
64,Other,Bachelors,32,7172,>50K
68,Government,Doctorate,22,2084,>50K
36,Self-emp,Some-college,53,1215,<=50K
57,Other,Masters,59,7646,>50K
55,Private,Masters,43,6818,>50K
56,Self-emp,Masters,33,7037,>50K
22,Self-emp,Bachelors,52,3787,<=50K
51,Private,Masters,35,529,>50K
36,Private,Some-college,51,2925,<=50K
37,Government,Masters,24,5342,>50K
58,Government,Some-college,56,1323,>50K
52,Other,HS-grad,30,5166,>50K
39,Private,Doctorate,26,6012,>50K
61,Government,Doctorate,59,6829,>50K
25,Government,Bachelors,54,2797,<=50K
34,Government,Some-college,56,6717,>50K
39,Self-emp,Masters,39,7714,>50K
30,Government,Some-college,22,4879,<=50K
26,Self-emp,Masters,34,2657,<=50K
52,Government,HS-grad,47,6320,>50K
45,Self-emp,Doctorate,26,3838,>50K
68,Private,Some-college,46,3003,>50K
29,Other,HS-grad,50,7857,<=50K
56,Other,Doctorate,54,5050,>50K
51,Government,Doctorate,34,4333,>50K
54,Self-emp,Doctorate,54,6114,>50K
41,Other,Bachelors,59,6038,>50K
55,Self-emp,HS-grad,45,3788,>50K
38,Other,Some-college,33,679,<=50K
55,Private,Masters,52,7405,>50K
33,Other,HS-grad,39,7206,<=50K
21,Self-emp,Masters,35,1404,<=50K
60,Private,Masters,60,3436,>50K
68,Other,Doctorate,45,3231,>50K
47,Other,Some-college,42,4137,>50K
34,Other,Doctorate,51,6961,>50K
58,Self-emp,Doctorate,50,4889,>50K
37,Private,Masters,39,5014,>50K
58,Self-emp,Some-college,23,1701,>50K
23,Government,Masters,57,1407,<=50K
64,Private,Bachelors,56,4730,>50K
31,Government,Some-college,27,3636,<=50K
25,Other,Doctorate,37,1354,<=50K
67,Other,Masters,36,3224,>50K
62,Self-emp,Bachelors,41,2424,>50K
63,Other,Masters,55,2949,>50K
42,Other,Masters,45,1919,>50K
21,Government,Bachelors,45,2901,<=50K
37,Self-emp,HS-grad,28,612,<=50K
52,Other,Doctorate,27,5095,>50K
26,Self-emp,Doctorate,44,1003,>50K
51,Self-emp,HS-grad,38,991,>50K
57,Other,Bachelors,26,926,>50K
62,Government,Bachelors,36,5844,>50K
36,Government,Bachelors,32,7996,>50K
61,Other,Doctorate,35,7423,>50K
68,Other,Masters,29,2412,>50K
49,Self-emp,Masters,34,363,>50K
35,Private,Some-college,23,4567,<=50K
59,Other,HS-grad,46,7220,>50K
42,Other,Bachelors,25,3394,<=50K
37,Private,Bachelors,25,1469,<=50K
69,Self-emp,HS-grad,24,4077,>50K
50,Self-emp,Bachelors,49,1686,>50K
46,Government,Some-college,60,2575,>50K
57,Other,Some-college,58,4643,>50K
57,Government,Some-college,32,7507,>50K
42,Government,Some-college,21,5034,<=50K
22,Private,HS-grad,43,149,<=50K
66,Private,Masters,57,7539,>50K
64,Government,HS-grad,37,7455,>50K
27,Self-emp,HS-grad,27,1013,<=50K
40,Private,HS-grad,40,7451,>50K
39,Self-emp,Masters,28,1708,>50K
44,Self-emp,Doctorate,33,752,>50K
63,Self-emp,Doctorate,43,935,>50K
49,Private,Some-college,58,5336,>50K
50,Self-emp,HS-grad,45,2069,>50K
29,Private,Bachelors,20,4465,<=50K
27,Government,Doctorate,58,2065,>50K
48,Private,Bachelors,58,6331,>50K
41,Private,HS-grad,25,1172,<=50K
26,Private,Bachelors,58,3401,<=50K
38,Government,Some-college,28,1297,<=50K
33,Other,Some-college,23,3931,<=50K
37,Other,Bachelors,24,5617,<=50K
30,Self-emp,Doctorate,47,768,>50K
36,Private,Masters,30,2620,>50K
21,Government,HS-grad,42,6745,<=50K
51,Other,Doctorate,30,1555,>50K
24,Self-emp,Doctorate,52,2685,>50K
24,Private,HS-grad,26,7473,<=50K
24,Government,Doctorate,37,1786,<=50K
55,Private,Some-college,26,5575,>50K
69,Self-emp,HS-grad,40,4720,>50K
66,Government,HS-grad,48,4005,>50K
33,Other,Masters,23,7180,>50K
20,Government,Some-college,33,6855,<=50K
47,Private,Bachelors,54,4313,>50K
64,Other,Some-college,27,5990,>50K
40,Other,Masters,33,2745,>50K
27,Private,HS-grad,58,6166,<=50K
44,Other,Bachelors,29,3591,>50K
28,Private,HS-grad,48,7043,<=50K
34,Private,Bachelors,44,3696,<=50K
48,Private,Masters,40,6221,>50K
66,Government,HS-grad,56,6093,>50K
50,Self-emp,Some-college,55,1433,>50K
18,Government,Doctorate,42,7748,>50K
67,Self-emp,HS-grad,50,6952,>50K
66,Other,Some-college,34,4843,>50K
24,Private,Doctorate,51,3142,>50K
66,Self-emp,Some-college,38,3157,>50K
29,Private,Masters,56,6920,>50K
22,Self-emp,Bachelors,38,3937,<=50K
24,Government,Bachelors,51,240,<=50K
52,Private,Doctorate,51,1323,>50K
31,Self-emp,Doctorate,27,2131,>50K
47,Other,Bachelors,59,5364,>50K
31,Private,Masters,55,684,>50K
59,Self-emp,Some-college,44,7294,>50K
25,Other,Masters,36,3222,<=50K
40,Private,Bachelors,36,7998,>50K
26,Government,Doctorate,55,3330,>50K
43,Government,Bachelors,40,30,>50K
54,Government,Masters,21,1039,>50K
22,Other,Masters,26,7080,<=50K
35,Other,HS-grad,30,5207,<=50K
61,Government,Doctorate,47,1928,>50K
28,Government,Doctorate,23,1888,<=50K
35,Self-emp,Masters,57,580,>50K
66,Other,Some-college,36,6426,>50K
29,Self-emp,Some-college,60,4350,<=50K
54,Other,Doctorate,37,3968,>50K
48,Self-emp,Bachelors,20,1356,<=50K
44,Other,HS-grad,25,7517,<=50K
64,Other,HS-grad,56,4246,>50K
62,Private,Some-college,46,4732,>50K
46,Other,Masters,29,5787,>50K
56,Other,HS-grad,29,1715,>50K
35,Government,Doctorate,22,1621,>50K
58,Self-emp,Bachelors,52,5450,>50K
41,Self-emp,Doctorate,42,3288,>50K
63,Other,Bachelors,40,1635,>50K
42,Self-emp,HS-grad,26,2356,<=50K
58,Private,HS-grad,58,7834,>50K
57,Private,Doctorate,41,6159,>50K
27,Self-emp,Masters,44,6973,>50K
68,Government,Some-college,49,4678,>50K
63,Private,Some-college,28,5723,>50K
49,Other,HS-grad,28,6021,>50K
38,Self-emp,Doctorate,47,1441,>50K
38,Other,Bachelors,36,6638,>50K
62,Self-emp,Bachelors,28,1243,>50K
43,Private,HS-grad,32,7919,>50K
19,Private,Doctorate,60,292,>50K
26,Other,Bachelors,51,1211,<=50K
31,Government,Bachelors,55,5328,>50K
52,Private,Masters,43,6258,>50K
22,Private,Some-college,49,6764,<=50K
65,Private,Some-college,50,4160,>50K
38,Other,Masters,27,6114,>50K
69,Government,Bachelors,54,5579,>50K
39,Self-emp,Some-college,26,905,<=50K
18,Private,Some-college,60,4780,<=50K
24,Other,Doctorate,21,7086,<=50K
64,Government,Masters,26,5484,>50K
51,Government,Doctorate,47,3946,>50K
30,Government,Bachelors,52,4011,<=50K
30,Private,Masters,54,381,>50K
21,Private,Masters,41,7313,<=50K
59,Government,HS-grad,51,5918,>50K
46,Self-emp,Doctorate,48,5201,>50K
43,Private,HS-grad,24,4377,<=50K
26,Self-emp,Doctorate,44,7957,>50K
66,Other,HS-grad,56,6302,>50K
45,Other,HS-grad,48,1171,>50K
48,Other,Masters,40,2806,>50K
55,Government,Masters,40,1647,>50K
29,Government,Doctorate,21,4292,<=50K
28,Other,Bachelors,57,3749,<=50K
53,Private,Masters,50,4957,>50K
39,Other,Masters,46,1607,>50K
28,Private,HS-grad,42,166,<=50K
33,Other,Bachelors,60,2389,>50K
68,Private,Doctorate,52,1420,>50K
58,Private,Masters,26,7860,>50K
63,Government,Bachelors,34,7055,>50K
48,Other,Bachelors,28,5396,>50K
55,Other,HS-grad,41,6719,>50K
57,Government,Doctorate,39,2068,>50K
27,Other,Masters,45,7859,>50K
61,Government,Masters,28,529,>50K
26,Private,Bachelors,20,7441,<=50K
69,Government,Doctorate,32,543,>50K
19,Other,Masters,27,1390,<=50K
25,Government,HS-grad,60,5843,<=50K
52,Self-emp,Some-college,56,2778,>50K
58,Government,Some-college,47,3115,>50K
61,Private,Bachelors,54,6515,>50K
45,Other,Bachelors,30,1769,>50K
57,Government,Masters,60,4219,>50K
54,Government,Some-college,22,1663,<=50K
23,Government,HS-grad,58,25,<=50K
49,Other,Some-college,22,4295,<=50K
64,Other,HS-grad,27,6799,>50K
53,Private,Doctorate,49,687,>50K
43,Self-emp,Doctorate,34,7993,>50K
44,Private,Masters,35,2290,>50K
20,Government,Doctorate,53,4051,>50K
65,Self-emp,Some-college,29,1293,>50K
56,Government,Doctorate,41,7010,>50K
51,Private,HS-grad,28,331,<=50K
46,Private,Doctorate,20,5206,>50K
69,Self-emp,HS-grad,42,6391,>50K
58,Private,HS-grad,54,3924,>50K
25,Other,Masters,23,1275,<=50K
36,Other,Some-college,60,6802,>50K
28,Government,Some-college,31,770,<=50K
45,Other,Doctorate,40,2902,>50K
42,Self-emp,Some-college,26,7817,<=50K
50,Other,Bachelors,55,453,>50K
28,Private,Some-college,21,1926,<=50K
19,Other,HS-grad,46,1551,<=50K
33,Private,Bachelors,52,7264,>50K
27,Private,Doctorate,40,202,<=50K
69,Government,HS-grad,26,7701,>50K
63,Self-emp,Doctorate,54,358,>50K
53,Self-emp,Some-college,23,1351,<=50K
61,Other,Bachelors,34,4518,>50K
31,Private,HS-grad,60,3881,<=50K
69,Government,Doctorate,22,6637,>50K
21,Private,HS-grad,29,3657,<=50K
66,Private,Masters,27,2428,>50K
21,Government,Masters,57,6244,>50K
27,Other,Bachelors,21,4859,<=50K
55,Private,HS-grad,59,2514,>50K
36,Other,Doctorate,21,6608,>50K
38,Self-emp,HS-grad,26,3788,<=50K
60,Government,Some-college,43,217,>50K
29,Private,Doctorate,39,5840,>50K
45,Other,HS-grad,54,7010,>50K
28,Private,Some-college,38,5700,<=50K
18,Government,HS-grad,32,4677,<=50K
45,Other,Doctorate,52,4101,>50K
62,Self-emp,HS-grad,44,6115,>50K
22,Private,Doctorate,32,5504,<=50K
69,Other,HS-grad,53,1237,>50K
32,Private,HS-grad,39,6603,<=50K
44,Self-emp,Bachelors,21,4013,<=50K
26,Other,Bachelors,49,2483,<=50K
63,Private,Doctorate,55,1036,>50K
20,Private,Bachelors,49,5905,<=50K
51,Private,Some-college,43,6590,>50K
59,Other,Masters,41,2173,>50K
43,Private,Masters,51,4436,>50K
26,Other,Some-college,48,3365,<=50K
62,Private,Doctorate,26,7482,>50K
23,Private,Bachelors,53,6208,<=50K
36,Government,HS-grad,40,924,<=50K
68,Self-emp,Masters,32,7682,>50K
20,Other,Doctorate,25,956,<=50K
30,Self-emp,Masters,50,4827,>50K
28,Self-emp,Bachelors,53,6215,>50K
65,Other,Bachelors,31,4388,>50K
19,Government,Masters,42,2464,<=50K
68,Self-emp,Masters,37,5205,>50K
20,Other,HS-grad,58,7270,<=50K
26,Self-emp,Doctorate,51,6365,>50K
47,Private,Bachelors,24,5234,>50K
43,Government,Some-college,59,225,>50K
61,Other,HS-grad,24,2020,>50K
41,Government,Masters,44,677,>50K
33,Government,Doctorate,51,6564,>50K
58,Government,Some-college,42,7260,>50K
49,Other,Bachelors,32,6335,>50K
34,Government,Bachelors,46,6281,>50K
60,Private,Doctorate,57,440,>50K
42,Other,Masters,52,2019,>50K
19,Government,HS-grad,46,2514,<=50K
55,Self-emp,Doctorate,21,4152,>50K
63,Private,HS-grad,30,7408,>50K
55,Government,Masters,23,1713,>50K
48,Other,Masters,53,6089,>50K
44,Self-emp,Bachelors,57,5929,>50K
57,Government,Some-college,52,6946,>50K
53,Self-emp,Masters,52,6538,>50K
26,Other,Doctorate,22,7675,>50K
60,Other,Masters,30,7704,>50K
44,Private,Masters,32,3812,>50K
34,Other,HS-grad,41,690,<=50K
24,Private,Some-college,57,5314,<=50K
56,Government,HS-grad,28,3295,>50K
60,Other,Doctorate,51,3124,>50K
32,Government,Doctorate,50,4977,>50K
46,Self-emp,Masters,55,4815,>50K
39,Government,Masters,53,7383,>50K
66,Other,HS-grad,59,3723,>50K
58,Other,Some-college,59,7037,>50K
24,Government,Some-college,39,4785,<=50K
67,Private,Bachelors,23,7330,>50K
24,Self-emp,Doctorate,47,2296,>50K
49,Private,Some-college,36,5886,>50K
58,Other,Masters,36,4691,>50K
46,Other,Masters,45,3688,>50K
34,Other,Doctorate,44,6414,>50K
51,Other,Doctorate,57,819,>50K
65,Private,Doctorate,39,2305,>50K
59,Self-emp,Doctorate,56,3507,>50K
52,Self-emp,Bachelors,44,6251,>50K
19,Government,HS-grad,57,7944,<=50K
31,Other,Masters,31,4325,<=50K
22,Private,Bachelors,50,3172,<=50K
60,Other,Some-college,44,475,>50K
65,Government,Masters,38,5878,>50K
59,Other,Masters,52,584,>50K
58,Other,Doctorate,24,3991,>50K
20,Other,Bachelors,31,7356,<=50K
31,Other,Doctorate,37,1491,>50K
34,Self-emp,Bachelors,52,4420,>50K
44,Private,Doctorate,60,453,>50K
66,Government,Some-college,42,6881,>50K
29,Self-emp,Masters,36,576,<=50K
57,Self-emp,Bachelors,22,6529,>50K
56,Government,Bachelors,50,5140,>50K
63,Government,Doctorate,22,7543,>50K
60,Other,HS-grad,40,4973,>50K
67,Self-emp,Some-college,57,5169,>50K
68,Other,Bachelors,27,7329,>50K
42,Government,Masters,42,364,>50K
22,Other,Doctorate,22,1874,<=50K
52,Self-emp,Bachelors,55,7163,>50K
39,Government,Some-college,22,2420,<=50K
38,Government,HS-grad,53,2805,<=50K
50,Self-emp,Masters,46,4012,>50K
49,Other,HS-grad,58,1288,>50K
65,Private,Bachelors,45,1326,>50K
42,Self-emp,Doctorate,46,7911,>50K
63,Self-emp,HS-grad,57,1436,>50K
49,Other,Bachelors,21,5189,>50K
65,Other,HS-grad,29,4371,>50K
32,Government,Doctorate,56,7648,>50K
56,Self-emp,HS-grad,32,5890,>50K
48,Private,Doctorate,34,5829,>50K
41,Government,Masters,40,6002,>50K
59,Private,Doctorate,26,1808,>50K
23,Self-emp,Masters,26,3732,<=50K
32,Other,Masters,60,7365,>50K
40,Private,Doctorate,27,5940,>50K
58,Government,HS-grad,46,1017,>50K
69,Private,Some-college,42,5222,>50K
46,Other,Doctorate,59,6159,>50K
38,Private,Some-college,50,1329,<=50K
21,Other,Some-college,49,3862,<=50K
56,Government,Bachelors,50,7082,>50K
21,Other,HS-grad,29,6170,<=50K
43,Government,HS-grad,39,2259,<=50K
65,Government,Doctorate,57,373,>50K
27,Other,HS-grad,50,3125,<=50K
46,Private,Masters,25,2658,>50K
20,Private,Bachelors,46,5917,<=50K
62,Other,Doctorate,51,5549,>50K
21,Self-emp,Masters,26,141,<=50K
60,Self-emp,Masters,39,701,>50K
51,Government,Masters,56,2666,>50K
67,Private,Some-college,51,2693,>50K
50,Private,Bachelors,31,21,>50K
51,Other,Doctorate,21,5577,>50K
65,Private,Masters,36,309,>50K
20,Government,HS-grad,33,1004,<=50K
30,Government,Masters,50,3849,>50K
64,Other,Masters,48,2283,>50K
33,Government,HS-grad,20,6277,<=50K
36,Government,Bachelors,23,2877,<=50K
44,Other,Doctorate,33,3807,>50K
26,Private,Masters,33,2152,<=50K
26,Self-emp,Some-college,20,3972,<=50K
69,Other,HS-grad,48,81,>50K
27,Government,Some-college,21,1334,<=50K
51,Private,Some-college,25,1012,<=50K
46,Government,Masters,39,2617,>50K
67,Other,Masters,31,6661,>50K
56,Private,HS-grad,52,5649,>50K
55,Self-emp,HS-grad,34,4624,>50K
57,Other,Some-college,39,6991,>50K
29,Other,Some-college,31,3636,<=50K
42,Self-emp,HS-grad,40,4694,<=50K
65,Private,Masters,20,7620,>50K
56,Self-emp,HS-grad,26,4836,>50K
24,Self-emp,HS-grad,25,18,<=50K
51,Government,Bachelors,33,373,>50K
58,Government,Some-college,54,1456,>50K
26,Private,Masters,48,3670,<=50K
43,Private,Some-college,43,6497,>50K
64,Self-emp,Bachelors,55,5121,>50K
58,Self-emp,Some-college,38,760,>50K
32,Private,Bachelors,44,7421,>50K
20,Government,HS-grad,59,3303,<=50K
38,Private,HS-grad,44,2455,<=50K
35,Private,HS-grad,20,3246,<=50K
56,Self-emp,Some-college,21,3204,>50K
54,Self-emp,Doctorate,27,5870,>50K
18,Other,Masters,38,2472,<=50K
22,Self-emp,Bachelors,53,4391,<=50K
35,Self-emp,Doctorate,46,6445,>50K
35,Self-emp,Bachelors,23,7864,<=50K
18,Self-emp,Bachelors,58,3169,<=50K
54,Private,Doctorate,36,333,>50K
20,Private,Masters,32,7260,<=50K
24,Private,HS-grad,36,1286,<=50K
43,Self-emp,HS-grad,36,4125,<=50K
32,Other,HS-grad,50,5734,<=50K
58,Government,Bachelors,32,1578,>50K
36,Government,Doctorate,42,7690,>50K
42,Other,Masters,53,6423,>50K
31,Self-emp,HS-grad,60,7749,>50K
43,Government,Doctorate,36,1459,>50K
18,Other,Bachelors,21,2638,<=50K
26,Government,Some-college,57,111,<=50K
24,Private,Bachelors,26,6303,<=50K
35,Private,Bachelors,41,4844,>50K
61,Private,Masters,49,635,>50K
54,Self-emp,Some-college,28,4264,>50K
48,Other,Bachelors,59,3152,>50K
63,Government,Doctorate,52,1284,>50K
41,Private,Doctorate,59,7370,>50K
48,Other,Some-college,27,3628,<=50K
67,Self-emp,HS-grad,33,5296,>50K
49,Self-emp,Doctorate,20,6876,>50K
18,Self-emp,HS-grad,52,7888,<=50K
20,Self-emp,Bachelors,44,6046,<=50K
27,Government,Masters,23,2215,<=50K
41,Self-emp,HS-grad,41,1296,<=50K
60,Government,Doctorate,36,1263,>50K
51,Other,Doctorate,26,6356,>50K
22,Other,Doctorate,57,7,>50K
66,Self-emp,HS-grad,38,3399,>50K
39,Private,Some-college,47,6281,>50K
33,Other,HS-grad,55,2238,<=50K
39,Private,Masters,60,2649,>50K
38,Government,Masters,50,1242,>50K
56,Government,HS-grad,31,2239,>50K
34,Private,Bachelors,26,5563,<=50K
46,Other,Some-college,26,7619,>50K
59,Other,HS-grad,52,5945,>50K
69,Other,Doctorate,20,2463,>50K
38,Private,Bachelors,37,1796,<=50K
20,Self-emp,Masters,52,4627,<=50K
65,Private,Doctorate,31,3325,>50K
26,Other,Doctorate,33,4396,>50K
44,Government,Masters,26,6070,>50K
55,Private,Some-college,31,6722,>50K
28,Government,HS-grad,48,5726,<=50K
67,Self-emp,HS-grad,59,5226,>50K
59,Private,Masters,50,4986,>50K
68,Other,HS-grad,32,5030,>50K
27,Self-emp,Bachelors,29,2327,<=50K
35,Government,Masters,43,4261,>50K
18,Other,Some-college,37,6956,<=50K
58,Other,Some-college,42,6030,>50K
49,Other,HS-grad,51,938,>50K
22,Self-emp,Some-college,54,535,<=50K
45,Private,Masters,49,7407,>50K
38,Private,Doctorate,46,3486,>50K
26,Other,Masters,45,4737,>50K
65,Private,Some-college,45,7337,>50K
41,Self-emp,Some-college,31,7307,<=50K
52,Other,Bachelors,41,2387,>50K
62,Self-emp,Bachelors,55,5618,>50K
69,Self-emp,Bachelors,50,2308,>50K
57,Private,Masters,24,3032,>50K
32,Self-emp,Doctorate,22,4794,>50K
26,Government,Masters,57,6516,>50K
26,Other,Masters,37,7706,>50K
59,Government,Masters,44,4871,>50K
18,Self-emp,Masters,57,4926,<=50K
40,Private,Some-college,57,5178,>50K
58,Government,Bachelors,32,590,>50K
32,Self-emp,Doctorate,48,134,>50K
35,Government,Masters,31,1705,<=50K
26,Other,HS-grad,35,7293,<=50K
32,Other,HS-grad,44,3050,<=50K
54,Government,Doctorate,53,4465,>50K
67,Government,Bachelors,59,5884,>50K
56,Government,Bachelors,44,7398,>50K
34,Government,Doctorate,45,1041,>50K
29,Self-emp,Doctorate,46,3202,>50K
48,Government,Some-college,23,5167,<=50K
39,Other,Masters,20,2790,<=50K
46,Other,Some-college,28,6615,>50K
57,Private,Some-college,57,1306,>50K
61,Private,Bachelors,35,4589,>50K
55,Other,Doctorate,42,2861,>50K
51,Self-emp,Doctorate,50,345,>50K
50,Government,Masters,57,3146,>50K
50,Other,Masters,25,4214,>50K
33,Other,Masters,36,829,<=50K
45,Self-emp,HS-grad,46,4575,>50K
63,Government,HS-grad,34,1678,>50K
57,Self-emp,Some-college,53,4195,>50K
24,Self-emp,Doctorate,26,2836,<=50K
21,Government,Some-college,43,286,<=50K
66,Other,Bachelors,34,5205,>50K
40,Other,Masters,21,7529,>50K
48,Government,Doctorate,36,6923,>50K
65,Government,HS-grad,41,261,>50K
65,Government,Bachelors,24,1432,>50K
33,Private,Masters,43,4179,>50K
54,Private,Some-college,28,3365,>50K
33,Private,Doctorate,41,5944,>50K
37,Other,HS-grad,34,6801,<=50K
49,Self-emp,Bachelors,21,321,<=50K
60,Government,Some-college,46,3777,>50K
68,Government,HS-grad,58,6081,>50K
49,Other,Some-college,55,4208,>50K
50,Private,Bachelors,21,2692,>50K
51,Self-emp,HS-grad,27,464,<=50K
21,Government,Bachelors,41,194,<=50K
18,Self-emp,Some-college,37,3903,<=50K
29,Other,Bachelors,50,1025,<=50K
65,Private,Some-college,54,3110,>50K
37,Government,HS-grad,21,3822,<=50K
47,Self-emp,Masters,39,5302,>50K
56,Private,Doctorate,51,90,>50K
66,Self-emp,Doctorate,41,3547,>50K
24,Government,HS-grad,33,1840,<=50K
38,Private,HS-grad,22,1858,<=50K
51,Government,Bachelors,20,3645,>50K
36,Private,Bachelors,40,1875,<=50K
60,Government,Masters,25,6944,>50K
26,Self-emp,Doctorate,35,1883,<=50K
47,Private,HS-grad,39,2339,<=50K
36,Government,Bachelors,47,4679,>50K
20,Other,Masters,20,4785,<=50K
38,Other,Bachelors,38,7742,>50K
45,Private,Some-college,29,2126,<=50K
23,Private,HS-grad,29,952,<=50K
47,Government,HS-grad,38,1298,<=50K
28,Self-emp,Bachelors,29,4553,<=50K
45,Government,HS-grad,55,1517,>50K
36,Other,Some-college,29,1897,<=50K
19,Private,Bachelors,31,6310,<=50K
51,Self-emp,Masters,43,6376,>50K
66,Other,HS-grad,44,5845,>50K
63,Government,Bachelors,59,358,>50K
19,Self-emp,Some-college,30,1205,<=50K
27,Private,Some-college,24,7187,<=50K
45,Private,Bachelors,26,6562,>50K
39,Self-emp,Some-college,43,6145,<=50K
56,Private,Doctorate,27,5475,>50K
62,Self-emp,Some-college,29,4302,>50K
20,Self-emp,Some-college,52,2698,<=50K
42,Government,Bachelors,52,5049,>50K
57,Private,Bachelors,49,5408,>50K
45,Self-emp,Doctorate,21,1090,>50K
35,Private,Some-college,26,5030,<=50K
21,Private,HS-grad,56,7005,<=50K
19,Self-emp,HS-grad,53,6925,<=50K
43,Private,Bachelors,51,5115,>50K
24,Other,HS-grad,48,1317,<=50K
38,Private,Some-college,42,1488,<=50K
42,Self-emp,Masters,33,3437,>50K
52,Government,Masters,45,7459,>50K
18,Government,Masters,47,3216,<=50K
41,Other,HS-grad,25,4154,<=50K
29,Self-emp,HS-grad,45,7101,<=50K
30,Private,Doctorate,55,7196,>50K
41,Private,Doctorate,55,6739,>50K
30,Government,Masters,46,5429,>50K
63,Private,Masters,26,6765,>50K
30,Private,Bachelors,27,2539,<=50K
33,Other,Some-college,37,5694,<=50K
48,Other,Masters,58,1178,>50K
49,Government,Masters,36,5500,>50K
68,Private,HS-grad,41,87,>50K
31,Private,Masters,56,4117,>50K
24,Other,Doctorate,56,7135,>50K
26,Other,Doctorate,54,7023,>50K
47,Other,Masters,47,6625,>50K
27,Government,HS-grad,54,5157,<=50K
30,Government,HS-grad,33,6166,<=50K
59,Self-emp,Bachelors,49,410,>50K
59,Government,Doctorate,26,5348,>50K
55,Government,Bachelors,48,5005,>50K
20,Private,Bachelors,20,1909,<=50K
25,Government,Doctorate,41,2747,>50K
64,Other,Doctorate,56,4532,>50K
60,Other,Doctorate,55,2158,>50K
57,Government,Masters,53,7894,>50K
53,Private,Doctorate,46,815,>50K
45,Private,Some-college,51,3549,>50K
35,Self-emp,Masters,22,6390,>50K
50,Other,HS-grad,47,3250,>50K
53,Self-emp,Masters,45,2499,>50K
25,Government,HS-grad,29,1190,<=50K
50,Other,Bachelors,34,3008,>50K
63,Other,Doctorate,43,3671,>50K
63,Other,Doctorate,31,127,>50K
51,Government,Doctorate,60,1662,>50K
26,Other,Masters,24,4385,<=50K
27,Self-emp,Masters,38,6810,>50K
40,Government,HS-grad,52,6112,>50K
66,Private,Masters,36,263,>50K
38,Government,Masters,32,674,>50K
44,Private,Some-college,26,6041,<=50K
64,Government,Some-college,35,3818,>50K
64,Other,Bachelors,38,1804,>50K
61,Other,Some-college,20,743,>50K
53,Other,Doctorate,28,522,>50K
61,Government,HS-grad,42,135,>50K
34,Other,Bachelors,54,4662,>50K
55,Private,Masters,51,1205,>50K
25,Government,Bachelors,21,6087,<=50K
53,Government,Some-college,23,5584,>50K
18,Private,HS-grad,50,2211,<=50K
44,Self-emp,Some-college,39,566,<=50K
64,Government,Bachelors,29,5527,>50K
63,Self-emp,HS-grad,23,3532,>50K
61,Other,Some-college,22,125,>50K
51,Private,Bachelors,20,1201,>50K
58,Self-emp,Doctorate,43,3041,>50K
20,Other,Masters,26,6876,<=50K
52,Self-emp,HS-grad,51,2956,>50K
50,Self-emp,HS-grad,48,1970,>50K
30,Private,Masters,31,865,<=50K
35,Self-emp,Bachelors,22,7319,<=50K
47,Self-emp,Some-college,48,3650,>50K
32,Private,HS-grad,38,5478,<=50K
