PassengerId,Survived,Pclass,Name,Sex,Age,SibSp,Parch,Fare,Embarked
1,1,1,Passenger_1,female,69.31,3,2,108.70,C
2,0,3,Passenger_2,male,57.46,0,2,41.68,S
3,0,3,Passenger_3,male,47.47,1,0,28.02,S
4,0,1,Passenger_4,male,41.71,3,2,98.25,S
5,1,2,Passenger_5,female,63.86,0,0,64.42,C
6,1,3,Passenger_6,female,55.27,2,2,38.67,Q
7,0,3,Passenger_7,male,23.21,2,0,46.77,C
8,0,1,Passenger_8,male,70.41,2,0,96.06,S
9,0,2,Passenger_9,male,69.22,3,2,82.30,Q
10,0,2,Passenger_10,male,53.08,3,1,66.29,C
11,0,2,Passenger_11,male,24.52,2,1,80.79,S
12,0,2,Passenger_12,male,28.64,2,2,70.94,C
13,0,2,Passenger_13,male,24.59,1,0,82.07,C
14,1,3,Passenger_14,female,57.08,3,1,35.05,Q
15,0,3,Passenger_15,male,68.04,1,0,50.75,S
16,0,2,Passenger_16,male,69.53,3,0,70.52,C
17,1,1,Passenger_17,male,36.85,1,1,91.13,Q
18,1,3,Passenger_18,female,61.75,3,2,53.06,Q
19,1,2,Passenger_19,female,69.76,3,0,53.58,C
20,1,3,Passenger_20,female,24.50,0,2,35.09,S
21,1,1,Passenger_21,female,45.85,3,0,90.34,Q
22,0,3,Passenger_22,male,41.78,3,1,52.35,S
23,0,3,Passenger_23,male,23.36,2,0,59.76,C
24,1,3,Passenger_24,female,36.48,1,2,43.92,Q
25,0,3,Passenger_25,male,38.91,1,0,38.88,S
26,1,2,Passenger_26,female,30.30,3,1,52.08,Q
27,0,3,Passenger_27,male,69.36,1,2,50.72,Q
28,1,3,Passenger_28,female,60.80,0,1,27.56,Q
29,0,1,Passenger_29,male,71.63,0,0,92.46,S
30,0,1,Passenger_30,male,32.41,1,2,107.18,S
31,0,3,Passenger_31,male,55.41,2,0,31.52,S
32,0,2,Passenger_32,male,43.16,0,1,69.34,Q
33,0,2,Passenger_33,male,27.79,3,2,51.98,C
34,0,3,Passenger_34,male,62.62,1,0,55.11,S
35,0,1,Passenger_35,male,52.74,3,0,77.52,C
36,0,1,Passenger_36,male,23.62,1,0,103.56,C
37,1,2,Passenger_37,female,25.29,0,2,72.49,S
38,0,2,Passenger_38,male,43.09,0,0,83.00,Q
39,0,3,Passenger_39,male,23.21,3,2,46.76,C
40,1,3,Passenger_40,female,56.67,2,0,47.62,C
41,1,1,Passenger_41,female,63.32,0,0,107.06,Q
42,1,1,Passenger_42,male,34.86,0,1,76.59,Q
43,0,2,Passenger_43,male,68.60,0,1,58.20,Q
44,0,1,Passenger_44,male,34.60,3,2,106.34,S
45,1,1,Passenger_45,female,26.93,2,1,85.59,S
46,1,2,Passenger_46,female,71.78,1,0,62.27,S
47,0,3,Passenger_47,male,27.85,0,2,42.55,Q
48,0,2,Passenger_48,male,25.86,3,1,55.64,S
49,1,1,Passenger_49,female,56.74,2,0,80.80,C
50,1,2,Passenger_50,female,50.81,2,2,84.61,Q
51,0,2,Passenger_51,male,55.41,2,1,56.28,S
52,0,3,Passenger_52,male,44.64,0,0,47.70,S
53,0,1,Passenger_53,male,59.51,0,2,94.12,S
54,0,1,Passenger_54,male,60.42,2,2,108.46,S
55,1,2,Passenger_55,female,38.85,1,2,75.77,Q
56,0,2,Passenger_56,male,37.31,0,1,75.50,Q
57,0,1,Passenger_57,male,29.34,1,1,101.26,Q
58,0,3,Passenger_58,male,42.71,3,2,32.91,S
59,1,1,Passenger_59,male,35.82,3,2,91.33,S
60,0,2,Passenger_60,male,33.00,3,0,82.22,C
61,0,2,Passenger_61,male,56.33,2,2,75.99,C
62,1,1,Passenger_62,female,60.88,2,1,79.45,C
63,1,2,Passenger_63,female,48.56,3,0,72.85,Q
64,0,1,Passenger_64,male,20.52,0,0,101.95,Q
65,1,3,Passenger_65,female,39.78,3,2,30.82,Q
66,0,3,Passenger_66,male,72.25,0,2,41.90,C
67,1,2,Passenger_67,female,50.16,3,0,80.98,C
68,0,1,Passenger_68,male,54.30,0,1,102.00,C
69,0,2,Passenger_69,male,64.07,0,1,59.88,S
70,0,2,Passenger_70,male,67.26,2,2,51.63,C
71,0,1,Passenger_71,male,52.78,3,2,88.67,Q
72,0,1,Passenger_72,male,47.39,3,0,86.63,Q
73,0,2,Passenger_73,male,66.74,2,2,75.89,S
74,1,2,Passenger_74,female,71.33,3,0,74.28,S
75,1,1,Passenger_75,male,37.31,2,1,75.62,Q
76,0,3,Passenger_76,male,59.89,0,2,28.07,C
77,1,2,Passenger_77,female,57.41,2,1,61.67,C
78,1,2,Passenger_78,female,58.64,3,0,61.78,Q
79,0,3,Passenger_79,male,22.76,2,1,25.09,Q
80,0,1,Passenger_80,male,53.06,1,2,99.40,S
81,0,3,Passenger_81,male,37.25,2,2,26.35,Q
82,0,2,Passenger_82,male,38.34,0,1,54.39,S
83,1,2,Passenger_83,female,61.21,3,0,66.84,C
84,1,3,Passenger_84,female,53.97,2,0,34.99,C
85,0,3,Passenger_85,male,40.68,2,0,52.46,Q
86,0,3,Passenger_86,male,63.77,2,2,37.59,Q
87,0,3,Passenger_87,male,25.42,3,2,41.65,C
88,0,2,Passenger_88,male,34.99,3,2,59.41,C
89,0,2,Passenger_89,male,40.97,0,2,67.38,C
90,1,1,Passenger_90,male,30.81,1,0,75.35,S
91,0,3,Passenger_91,male,26.98,0,0,30.84,S
92,1,3,Passenger_92,female,54.75,2,0,29.43,S
93,0,2,Passenger_93,male,47.03,1,1,61.45,Q
94,1,2,Passenger_94,female,71.19,2,2,79.14,C
95,1,2,Passenger_95,female,29.81,0,0,74.71,C
96,0,3,Passenger_96,male,58.35,0,2,45.23,Q
97,1,2,Passenger_97,female,53.37,1,2,80.59,Q
98,0,3,Passenger_98,male,56.21,0,2,40.91,S
99,0,2,Passenger_99,male,42.36,3,2,70.54,C
100,0,3,Passenger_100,male,57.16,3,2,58.34,C
101,0,3,Passenger_101,male,39.41,2,2,46.16,C
102,0,3,Passenger_102,male,58.10,3,1,25.08,Q
103,1,3,Passenger_103,female,34.36,1,0,26.63,S
104,1,1,Passenger_104,male,21.37,3,1,81.37,C
105,1,3,Passenger_105,female,63.05,0,1,41.06,C
106,0,3,Passenger_106,male,71.57,3,1,53.42,S
107,1,2,Passenger_107,female,49.47,0,1,72.40,C
108,0,3,Passenger_108,male,35.95,0,1,28.32,C
109,1,1,Passenger_109,female,61.03,2,2,107.47,S
110,1,1,Passenger_110,female,38.34,1,1,89.45,C
111,0,1,Passenger_111,male,60.88,1,2,85.74,S
112,0,1,Passenger_112,male,23.53,3,1,89.20,C
113,0,2,Passenger_113,male,67.31,0,2,64.02,C
114,0,3,Passenger_114,male,32.33,2,0,50.68,S
115,1,3,Passenger_115,female,26.35,0,2,35.82,C
116,1,3,Passenger_116,female,70.57,0,1,44.21,Q
117,0,2,Passenger_117,male,64.87,2,1,78.20,Q
118,1,3,Passenger_118,female,66.38,3,2,59.40,S
119,1,1,Passenger_119,female,44.03,0,0,88.86,S
120,0,2,Passenger_120,male,21.64,3,0,51.46,C
121,0,3,Passenger_121,male,38.11,1,1,56.76,C
122,1,2,Passenger_122,female,54.73,2,2,55.63,Q
123,0,2,Passenger_123,male,27.10,0,2,68.05,Q
124,1,2,Passenger_124,female,53.52,3,1,75.09,S
125,0,2,Passenger_125,male,59.34,0,1,56.91,C
126,1,2,Passenger_126,female,64.95,2,0,83.64,Q
127,0,3,Passenger_127,male,37.23,3,2,53.10,C
128,0,3,Passenger_128,male,64.18,1,0,58.90,C
129,0,3,Passenger_129,male,71.03,0,1,31.38,S
130,0,1,Passenger_130,male,51.54,3,2,86.54,S
131,0,3,Passenger_131,male,36.27,0,0,25.48,C
132,1,2,Passenger_132,female,61.45,1,1,77.58,S
133,0,1,Passenger_133,male,44.38,3,0,96.19,C
134,0,3,Passenger_134,male,38.65,0,2,27.78,C
135,0,3,Passenger_135,male,72.02,0,0,43.65,C
136,0,2,Passenger_136,male,52.72,0,2,63.79,S
137,0,2,Passenger_137,male,47.79,3,1,55.62,C
138,0,2,Passenger_138,male,60.03,0,2,82.24,S
139,0,2,Passenger_139,male,59.51,3,1,65.87,S
140,0,3,Passenger_140,male,44.04,0,1,48.17,C
141,0,3,Passenger_141,male,22.67,0,2,55.08,S
142,0,2,Passenger_142,male,68.91,2,0,84.51,Q
143,1,1,Passenger_143,female,67.54,1,0,101.45,S
144,0,2,Passenger_144,male,27.65,3,2,59.69,S
145,0,2,Passenger_145,male,41.62,1,0,55.67,C
146,0,1,Passenger_146,male,40.21,1,1,80.52,C
147,0,2,Passenger_147,male,46.44,3,1,77.81,Q
148,0,1,Passenger_148,male,65.86,2,0,75.03,S
149,0,1,Passenger_149,male,51.61,1,0,89.87,S
150,0,3,Passenger_150,male,52.47,3,2,52.48,S
151,1,1,Passenger_151,female,29.70,1,0,84.79,C
152,0,3,Passenger_152,male,27.67,0,1,36.59,S
153,0,1,Passenger_153,male,50.52,2,1,80.44,S
154,0,3,Passenger_154,male,43.00,3,2,34.80,Q
155,1,2,Passenger_155,female,27.31,2,2,74.34,Q
156,0,1,Passenger_156,male,40.17,2,2,108.33,Q
157,0,2,Passenger_157,male,34.66,2,2,76.01,S
158,0,2,Passenger_158,male,38.27,3,0,60.78,S
159,0,2,Passenger_159,male,31.19,2,1,57.86,Q
160,0,1,Passenger_160,male,37.94,0,2,95.24,Q
161,0,3,Passenger_161,male,22.21,3,2,39.55,Q
162,0,3,Passenger_162,male,53.02,2,0,44.23,Q
163,1,3,Passenger_163,female,24.90,1,1,51.56,C
164,1,1,Passenger_164,male,24.81,0,2,104.41,C
165,0,2,Passenger_165,male,24.37,2,0,75.05,C
166,1,3,Passenger_166,female,58.18,3,1,47.87,Q
167,1,3,Passenger_167,female,72.97,1,2,46.81,S
168,0,3,Passenger_168,male,69.04,2,2,47.01,C
169,1,3,Passenger_169,female,34.59,1,0,35.18,Q
170,1,3,Passenger_170,female,20.49,3,0,43.64,Q
171,1,1,Passenger_171,male,49.40,3,1,105.43,C
172,0,1,Passenger_172,male,67.64,0,0,101.38,S
173,0,3,Passenger_173,male,41.33,3,2,29.10,S
174,1,3,Passenger_174,female,28.10,0,2,27.34,C
175,0,2,Passenger_175,male,46.03,2,0,82.41,Q
176,1,3,Passenger_176,female,29.59,3,0,40.25,C
177,1,1,Passenger_177,female,35.70,2,0,95.72,C
178,0,1,Passenger_178,male,49.92,1,1,107.10,Q
179,0,2,Passenger_179,male,69.61,2,0,81.97,Q
180,0,3,Passenger_180,male,52.61,3,2,35.44,Q
181,0,2,Passenger_181,male,19.02,3,0,74.58,Q
182,0,2,Passenger_182,male,69.83,2,0,60.10,Q
183,1,1,Passenger_183,female,69.26,0,1,88.27,S
184,1,3,Passenger_184,female,24.97,1,0,45.97,Q
185,0,2,Passenger_185,male,69.22,0,2,78.51,S
186,1,3,Passenger_186,female,29.74,3,1,58.71,Q
187,0,2,Passenger_187,male,23.17,3,1,71.31,S
188,1,2,Passenger_188,male,24.43,3,0,71.55,C
189,1,2,Passenger_189,female,54.68,3,1,72.65,Q
190,0,2,Passenger_190,male,32.22,0,0,52.58,Q
191,1,2,Passenger_191,female,48.70,1,0,50.59,Q
192,0,3,Passenger_192,male,32.19,1,0,32.46,C
193,1,1,Passenger_193,female,61.53,2,0,106.91,Q
194,1,3,Passenger_194,female,26.06,3,2,38.34,S
195,1,2,Passenger_195,female,41.38,0,2,69.54,Q
196,1,3,Passenger_196,female,26.92,3,1,50.74,C
197,1,3,Passenger_197,female,45.03,2,2,57.36,S
198,0,3,Passenger_198,male,56.62,3,1,29.55,C
199,0,1,Passenger_199,male,23.28,3,1,89.01,C
200,0,3,Passenger_200,male,36.01,3,2,47.61,S
201,0,2,Passenger_201,male,64.37,3,1,62.21,Q
202,1,3,Passenger_202,female,28.69,1,0,53.94,S
203,1,2,Passenger_203,female,36.46,0,0,55.71,C
204,0,2,Passenger_204,male,69.38,2,0,70.08,Q
205,0,3,Passenger_205,male,30.28,1,1,37.52,C
206,1,3,Passenger_206,female,56.33,1,2,26.51,S
207,0,1,Passenger_207,male,50.45,2,1,88.77,S
208,1,2,Passenger_208,female,45.54,2,0,68.44,C
209,0,3,Passenger_209,male,67.36,3,2,28.63,C
210,0,2,Passenger_210,male,65.13,1,1,70.02,S
211,0,1,Passenger_211,male,47.65,3,0,82.34,S
212,0,1,Passenger_212,male,59.18,2,1,93.35,C
213,0,1,Passenger_213,male,36.87,3,1,87.41,Q
214,0,2,Passenger_214,male,60.39,1,2,51.25,Q
215,0,2,Passenger_215,male,42.69,2,0,72.77,S
216,0,3,Passenger_216,male,66.42,2,1,57.94,S
217,0,3,Passenger_217,male,43.41,1,2,55.29,Q
218,1,3,Passenger_218,female,60.77,3,2,26.14,C
219,0,2,Passenger_219,male,59.89,0,1,56.26,S
220,1,1,Passenger_220,female,27.85,1,0,93.28,S
221,1,2,Passenger_221,female,71.27,1,2,64.72,S
222,1,3,Passenger_222,female,65.79,3,0,51.01,S
223,1,1,Passenger_223,female,51.30,3,1,104.75,C
224,1,3,Passenger_224,female,39.60,2,2,26.41,S
225,0,3,Passenger_225,male,39.70,1,0,41.52,Q
226,0,1,Passenger_226,male,65.58,0,2,101.61,Q
227,0,2,Passenger_227,male,45.07,2,2,68.41,S
228,0,3,Passenger_228,male,19.65,0,2,36.78,S
229,1,3,Passenger_229,female,27.10,1,0,27.03,Q
230,0,3,Passenger_230,male,32.65,3,0,25.85,C
231,0,2,Passenger_231,male,54.88,0,0,67.07,S
232,0,3,Passenger_232,male,22.70,2,2,29.48,S
233,0,1,Passenger_233,male,68.14,0,1,88.61,C
234,1,2,Passenger_234,female,40.15,3,0,66.72,Q
235,0,3,Passenger_235,male,72.98,0,1,48.19,C
236,1,1,Passenger_236,female,40.89,3,1,75.39,S
237,1,1,Passenger_237,male,18.20,2,0,90.52,S
238,0,3,Passenger_238,male,25.15,3,2,33.05,Q
239,0,1,Passenger_239,male,66.67,2,1,83.13,C
240,1,2,Passenger_240,female,53.80,2,1,65.95,Q
241,1,2,Passenger_241,female,31.25,3,2,58.20,Q
242,1,3,Passenger_242,female,30.98,0,2,55.38,S
243,0,3,Passenger_243,male,21.99,0,2,33.24,S
244,1,2,Passenger_244,female,62.18,3,0,60.23,Q
245,0,1,Passenger_245,male,47.90,1,0,95.47,Q
246,0,2,Passenger_246,male,45.28,1,0,70.93,C
247,1,1,Passenger_247,female,27.32,2,2,108.87,C
248,0,1,Passenger_248,male,69.68,0,0,84.30,S
249,0,3,Passenger_249,male,47.19,0,1,29.16,S
250,0,3,Passenger_250,male,50.53,3,2,30.68,C
251,0,2,Passenger_251,male,57.79,0,0,69.92,Q
252,0,2,Passenger_252,male,29.79,2,0,56.64,S
253,0,3,Passenger_253,male,29.14,2,0,33.30,C
254,0,2,Passenger_254,male,55.47,3,0,77.60,Q
255,0,2,Passenger_255,male,40.61,2,2,77.90,C
256,0,2,Passenger_256,male,29.24,2,2,75.57,S
257,0,1,Passenger_257,male,34.20,3,2,76.56,S
258,1,2,Passenger_258,female,71.86,0,0,55.27,Q
259,0,2,Passenger_259,male,60.34,1,0,81.44,Q
260,0,2,Passenger_260,male,65.94,3,1,78.71,C
261,0,2,Passenger_261,male,50.16,2,1,76.89,S
262,1,3,Passenger_262,female,57.34,0,1,48.95,C
263,0,2,Passenger_263,male,59.39,2,2,68.82,C
264,0,1,Passenger_264,male,27.91,3,2,86.80,Q
265,1,2,Passenger_265,female,63.64,0,2,72.09,Q
266,0,3,Passenger_266,male,26.54,1,1,48.66,S
267,0,3,Passenger_267,male,72.44,3,1,29.77,C
268,0,3,Passenger_268,male,20.01,3,1,47.01,Q
269,0,2,Passenger_269,male,26.32,1,0,80.65,C
270,0,2,Passenger_270,male,54.63,0,1,80.30,C
271,0,3,Passenger_271,male,61.03,1,2,47.38,Q
272,0,3,Passenger_272,male,64.50,1,2,30.76,S
273,0,2,Passenger_273,male,46.60,2,0,56.51,S
274,0,2,Passenger_274,male,60.03,2,0,65.04,Q
275,0,3,Passenger_275,male,56.35,0,2,57.63,C
276,1,2,Passenger_276,female,24.22,0,1,64.07,Q
277,0,2,Passenger_277,male,50.86,1,1,68.17,Q
278,0,3,Passenger_278,male,66.72,1,2,56.07,S
279,0,1,Passenger_279,male,55.70,0,2,106.48,S
280,0,3,Passenger_280,male,45.13,2,0,54.48,C
281,1,2,Passenger_281,female,45.58,0,2,73.75,S
282,0,3,Passenger_282,male,20.62,0,0,54.60,Q
283,0,3,Passenger_283,male,68.28,1,1,36.11,C
284,0,2,Passenger_284,male,58.69,1,1,74.91,C
285,1,3,Passenger_285,female,53.76,3,2,30.15,C
286,1,2,Passenger_286,female,48.09,1,2,74.06,C
287,0,1,Passenger_287,male,72.70,1,1,75.38,Q
288,0,2,Passenger_288,male,61.32,1,1,68.01,Q
289,0,3,Passenger_289,male,26.05,1,1,56.21,C
290,1,1,Passenger_290,female,37.29,0,0,105.73,S
291,1,1,Passenger_291,female,29.32,0,0,103.99,S
292,0,2,Passenger_292,male,47.51,0,0,72.56,C
293,0,3,Passenger_293,male,43.78,1,2,51.98,C
294,0,2,Passenger_294,male,52.08,3,1,51.80,S
295,1,1,Passenger_295,male,29.05,2,1,98.40,S
296,0,2,Passenger_296,male,19.14,2,2,71.90,C
297,0,3,Passenger_297,male,34.43,3,2,33.35,Q
298,1,3,Passenger_298,female,27.76,1,0,37.02,Q
299,0,2,Passenger_299,male,72.04,2,1,69.83,C
300,0,2,Passenger_300,male,66.50,3,1,59.44,Q
301,1,3,Passenger_301,female,55.10,2,1,59.54,S
302,1,2,Passenger_302,female,64.20,0,2,53.57,Q
303,0,2,Passenger_303,male,32.22,0,0,65.53,S
304,0,1,Passenger_304,male,72.03,0,1,102.96,S
305,1,2,Passenger_305,female,21.64,1,1,64.22,Q
306,1,3,Passenger_306,female,69.16,3,0,35.93,Q
307,0,3,Passenger_307,male,21.73,2,1,30.20,S
308,1,3,Passenger_308,female,27.55,0,1,38.16,C
309,1,3,Passenger_309,female,58.17,3,0,41.06,Q
310,0,3,Passenger_310,male,37.10,1,1,25.56,C
311,0,3,Passenger_311,male,39.41,1,0,32.27,S
312,0,1,Passenger_312,male,62.79,1,1,94.18,C
313,0,2,Passenger_313,male,30.16,1,1,79.79,C
314,1,3,Passenger_314,female,47.00,2,0,51.74,Q
315,1,1,Passenger_315,female,29.43,1,1,76.15,Q
316,1,3,Passenger_316,female,18.18,2,2,27.95,C
317,0,2,Passenger_317,male,47.53,3,2,76.43,S
318,1,3,Passenger_318,female,64.74,3,0,41.70,S
319,1,3,Passenger_319,female,22.73,1,0,32.89,S
320,0,1,Passenger_320,male,72.95,0,1,78.25,Q
321,0,3,Passenger_321,male,33.75,3,1,27.28,S
322,0,3,Passenger_322,male,45.85,0,2,25.59,S
323,1,1,Passenger_323,male,26.89,2,2,95.40,Q
324,0,2,Passenger_324,male,66.20,2,0,55.27,S
325,0,2,Passenger_325,male,20.28,0,1,76.63,S
326,0,3,Passenger_326,male,53.79,3,2,49.43,Q
327,1,3,Passenger_327,female,61.94,3,1,34.67,Q
328,1,2,Passenger_328,female,44.98,3,1,52.48,S
329,1,2,Passenger_329,female,26.77,0,0,74.18,Q
330,0,2,Passenger_330,male,64.77,1,0,65.45,Q
331,1,3,Passenger_331,female,23.29,0,1,25.54,C
332,0,2,Passenger_332,male,37.95,3,0,55.25,S
333,0,3,Passenger_333,male,71.74,2,1,38.30,Q
334,1,2,Passenger_334,female,21.11,0,1,80.08,Q
335,0,3,Passenger_335,male,31.24,2,1,37.93,Q
336,0,2,Passenger_336,male,28.67,1,0,58.62,S
337,0,2,Passenger_337,male,67.94,0,1,53.79,C
338,1,2,Passenger_338,male,19.39,3,0,82.02,C
339,0,3,Passenger_339,male,70.95,1,0,40.97,S
340,1,3,Passenger_340,female,20.46,2,1,48.97,Q
341,1,1,Passenger_341,female,27.29,3,0,106.33,Q
342,0,2,Passenger_342,male,49.06,3,2,55.44,S
343,1,2,Passenger_343,female,44.68,3,0,60.55,S
344,0,1,Passenger_344,male,63.63,1,0,103.29,Q
345,0,3,Passenger_345,male,43.14,0,1,51.02,C
346,1,3,Passenger_346,female,34.69,0,1,37.63,S
347,0,2,Passenger_347,male,60.93,3,2,63.76,C
348,0,3,Passenger_348,male,51.40,0,0,33.36,S
349,1,3,Passenger_349,female,35.28,1,0,26.69,Q
350,0,3,Passenger_350,male,63.43,3,0,44.25,Q
351,1,1,Passenger_351,female,44.04,1,1,108.71,Q
352,1,1,Passenger_352,male,19.49,1,0,79.49,S
353,1,2,Passenger_353,female,58.15,0,0,67.21,Q
354,1,3,Passenger_354,female,66.19,1,2,58.07,Q
355,0,1,Passenger_355,male,57.19,2,2,89.33,Q
356,0,2,Passenger_356,male,50.16,3,2,52.37,Q
357,0,2,Passenger_357,male,46.19,2,0,53.87,S
358,0,3,Passenger_358,male,60.04,1,0,56.56,C
359,0,1,Passenger_359,male,55.84,0,2,98.37,S
360,0,3,Passenger_360,male,26.51,2,2,41.43,S
361,1,1,Passenger_361,female,63.40,1,2,85.59,S
362,1,3,Passenger_362,female,45.59,2,2,45.38,S
363,0,1,Passenger_363,male,35.07,3,1,93.27,S
364,0,1,Passenger_364,male,25.12,3,1,104.59,C
365,0,1,Passenger_365,male,58.59,2,1,104.81,S
366,1,2,Passenger_366,female,63.31,2,2,59.30,C
367,0,3,Passenger_367,male,32.94,2,0,45.94,C
368,1,2,Passenger_368,female,48.50,2,1,84.17,Q
369,1,2,Passenger_369,female,41.14,1,2,62.66,C
370,1,1,Passenger_370,female,69.44,2,2,86.72,C
371,0,3,Passenger_371,male,60.68,3,1,56.62,C
372,0,3,Passenger_372,male,24.35,3,0,33.02,C
373,1,3,Passenger_373,female,70.81,0,0,34.93,C
374,1,1,Passenger_374,female,24.57,0,1,107.67,S
375,0,3,Passenger_375,male,51.19,3,2,41.73,S
376,1,1,Passenger_376,female,60.73,1,1,98.97,S
377,1,3,Passenger_377,female,48.17,2,1,55.48,C
378,1,3,Passenger_378,female,34.94,3,2,29.85,Q
379,0,3,Passenger_379,male,53.78,3,2,26.76,Q
380,0,3,Passenger_380,male,67.98,1,2,39.49,C
381,0,1,Passenger_381,male,61.76,2,2,79.85,C
382,0,2,Passenger_382,male,53.98,1,2,78.68,Q
383,1,3,Passenger_383,female,19.55,1,0,43.24,C
384,1,1,Passenger_384,female,31.89,2,2,94.75,Q
385,0,3,Passenger_385,male,22.66,3,0,45.12,Q
386,1,1,Passenger_386,female,63.12,3,2,91.00,C
387,1,1,Passenger_387,male,67.92,2,0,100.57,S
388,0,1,Passenger_388,male,61.55,2,1,106.85,C
389,0,2,Passenger_389,male,61.18,2,2,64.20,Q
390,0,2,Passenger_390,male,21.03,0,2,50.07,C
391,0,2,Passenger_391,male,31.88,0,2,52.63,S
392,1,3,Passenger_392,female,35.29,0,1,43.68,S
393,0,2,Passenger_393,male,46.55,3,2,67.32,Q
394,1,1,Passenger_394,female,68.93,1,0,83.68,C
395,0,2,Passenger_395,male,29.77,2,2,60.89,Q
396,1,1,Passenger_396,female,59.86,2,1,91.95,Q
397,0,2,Passenger_397,male,58.76,3,0,79.20,S
398,1,2,Passenger_398,female,65.76,0,1,74.91,Q
399,0,1,Passenger_399,male,62.95,1,1,90.99,C
400,1,3,Passenger_400,female,70.77,2,0,56.43,C
401,0,3,Passenger_401,male,70.96,1,2,28.69,Q
402,1,1,Passenger_402,female,44.21,3,0,108.03,C
403,0,2,Passenger_403,male,22.74,0,1,60.38,C
404,0,3,Passenger_404,male,54.53,2,2,26.74,S
405,1,1,Passenger_405,female,40.65,1,1,99.47,Q
406,1,3,Passenger_406,female,39.48,0,0,53.93,Q
407,0,2,Passenger_407,male,52.21,1,0,51.05,C
408,0,2,Passenger_408,male,51.10,2,1,69.15,S
409,1,3,Passenger_409,female,68.76,0,1,54.53,S
410,0,2,Passenger_410,male,43.60,2,0,69.63,S
411,1,2,Passenger_411,female,66.38,0,0,53.75,C
412,0,3,Passenger_412,male,50.90,2,1,38.49,C
413,1,2,Passenger_413,female,68.40,1,2,67.77,Q
414,0,3,Passenger_414,male,33.79,0,2,57.47,C
415,0,2,Passenger_415,male,58.46,2,0,73.36,Q
416,1,2,Passenger_416,female,50.25,3,0,67.60,Q
417,1,3,Passenger_417,female,43.35,3,2,35.01,S
418,1,3,Passenger_418,female,62.09,0,1,25.70,Q
419,1,2,Passenger_419,male,23.63,0,0,51.05,Q
420,0,1,Passenger_420,male,33.85,2,0,99.67,C
421,0,2,Passenger_421,male,42.11,1,0,54.95,C
422,1,3,Passenger_422,female,60.97,2,0,27.30,C
423,0,2,Passenger_423,male,72.62,3,1,79.90,Q
424,0,3,Passenger_424,male,47.73,0,0,28.23,S
425,1,2,Passenger_425,female,39.81,1,2,54.52,C
426,1,3,Passenger_426,female,21.26,3,2,49.19,S
427,0,3,Passenger_427,male,58.41,2,0,55.43,C
428,1,1,Passenger_428,female,22.02,1,0,81.37,C
429,1,1,Passenger_429,female,45.44,0,2,102.39,C
430,0,3,Passenger_430,male,68.57,0,1,52.40,C
431,1,2,Passenger_431,male,28.25,1,0,68.93,C
432,1,1,Passenger_432,female,48.39,0,0,83.65,C
433,0,3,Passenger_433,male,21.11,1,1,50.50,C
434,0,2,Passenger_434,male,65.31,1,2,76.08,Q
435,1,2,Passenger_435,female,21.96,2,1,74.06,S
436,0,2,Passenger_436,male,62.89,0,0,54.76,S
437,0,1,Passenger_437,male,53.33,1,0,98.01,C
438,1,1,Passenger_438,female,69.86,0,2,96.90,Q
439,1,3,Passenger_439,female,52.19,0,1,29.42,S
440,0,2,Passenger_440,male,53.54,1,2,82.59,S
441,0,2,Passenger_441,male,68.39,0,2,76.99,C
442,1,1,Passenger_442,female,20.50,3,0,85.09,Q
443,1,1,Passenger_443,female,30.89,0,0,84.12,Q
444,0,3,Passenger_444,male,67.25,1,2,48.83,S
445,0,2,Passenger_445,male,34.64,2,2,71.87,S
446,0,2,Passenger_446,male,37.29,2,1,60.93,C
447,0,1,Passenger_447,male,45.58,3,1,88.23,S
448,1,3,Passenger_448,female,26.86,1,0,30.53,Q
449,0,2,Passenger_449,male,27.12,0,0,80.38,S
450,0,3,Passenger_450,male,72.39,0,1,56.69,Q
451,0,2,Passenger_451,male,27.88,2,2,81.66,Q
452,0,1,Passenger_452,male,53.68,0,0,81.69,Q
453,0,1,Passenger_453,male,48.05,0,1,101.86,C
454,0,3,Passenger_454,male,70.58,3,2,59.21,Q
455,0,3,Passenger_455,male,58.50,3,1,53.90,Q
456,1,1,Passenger_456,male,58.08,2,0,99.69,S
457,0,3,Passenger_457,male,59.26,0,0,31.97,C
458,0,3,Passenger_458,male,30.43,0,2,41.02,C
459,0,3,Passenger_459,male,43.66,3,2,27.54,S
460,0,2,Passenger_460,male,68.64,3,1,50.13,S
461,0,3,Passenger_461,male,58.84,3,0,27.69,C
462,0,3,Passenger_462,male,24.99,2,1,34.93,Q
463,0,2,Passenger_463,male,53.90,2,1,55.28,S
464,1,1,Passenger_464,male,60.34,1,2,88.67,S
465,0,3,Passenger_465,male,27.14,2,2,34.33,Q
466,1,1,Passenger_466,female,44.55,2,0,95.44,Q
467,1,2,Passenger_467,female,66.69,0,1,66.86,S
468,1,1,Passenger_468,female,60.42,2,2,107.34,S
469,0,1,Passenger_469,male,33.53,3,1,95.87,S
470,0,3,Passenger_470,male,20.56,3,1,46.26,S
471,0,3,Passenger_471,male,39.48,2,2,47.38,Q
472,1,2,Passenger_472,female,36.27,0,0,73.07,S
473,0,3,Passenger_473,male,58.68,0,0,46.45,Q
474,0,2,Passenger_474,male,56.15,1,2,54.73,C
475,0,3,Passenger_475,male,18.97,3,1,28.74,S
476,0,1,Passenger_476,male,22.82,1,2,83.16,Q
477,0,3,Passenger_477,male,36.33,2,2,46.70,C
478,0,2,Passenger_478,male,36.51,3,0,73.83,C
479,1,3,Passenger_479,female,18.14,3,0,48.41,C
480,0,3,Passenger_480,male,56.34,3,1,38.66,Q
481,0,3,Passenger_481,male,20.12,2,0,39.68,S
482,1,1,Passenger_482,female,24.90,3,2,104.02,C
483,1,2,Passenger_483,female,44.46,1,1,68.13,C
484,0,2,Passenger_484,male,33.70,2,1,80.29,C
485,1,2,Passenger_485,female,61.16,0,1,84.79,Q
486,0,3,Passenger_486,male,37.78,2,1,41.37,Q
487,0,3,Passenger_487,male,44.17,0,2,30.96,Q
488,0,3,Passenger_488,male,32.79,2,2,46.95,S
489,1,1,Passenger_489,female,45.31,3,1,99.93,C
490,1,2,Passenger_490,male,18.56,3,0,65.85,Q
491,0,1,Passenger_491,male,27.17,3,0,85.27,C
492,0,2,Passenger_492,male,24.96,2,1,53.32,S
493,1,3,Passenger_493,female,35.99,3,1,55.85,C
494,0,3,Passenger_494,male,63.79,0,0,41.58,S
495,0,1,Passenger_495,male,56.83,2,0,98.37,Q
496,0,1,Passenger_496,male,49.79,2,1,103.93,S
497,0,3,Passenger_497,male,66.06,0,2,27.59,C
498,1,1,Passenger_498,female,43.00,1,2,102.46,S
499,0,3,Passenger_499,male,50.27,2,1,46.37,Q
500,0,3,Passenger_500,male,70.39,1,2,46.27,C
501,1,3,Passenger_501,female,51.25,3,0,52.81,S
502,0,2,Passenger_502,male,18.12,0,2,71.72,C
503,0,2,Passenger_503,male,20.57,1,0,63.87,C
504,1,3,Passenger_504,female,28.01,3,0,33.90,Q
505,0,1,Passenger_505,male,43.23,1,2,104.63,Q
506,1,2,Passenger_506,female,62.67,1,2,80.16,C
507,0,1,Passenger_507,male,53.21,0,0,91.66,C
508,0,1,Passenger_508,male,23.22,1,1,77.68,Q
509,1,3,Passenger_509,female,69.02,1,2,26.49,C
510,1,2,Passenger_510,female,40.71,0,1,61.44,C
511,0,3,Passenger_511,male,34.88,0,0,41.00,C
512,1,3,Passenger_512,female,40.31,2,1,47.69,S
513,0,1,Passenger_513,male,40.03,3,1,103.12,Q
514,1,2,Passenger_514,female,58.36,3,2,71.15,C
515,0,1,Passenger_515,male,35.00,0,2,108.42,S
516,1,1,Passenger_516,female,48.19,0,1,106.03,S
517,0,2,Passenger_517,male,62.31,3,0,57.86,Q
518,1,3,Passenger_518,female,72.06,1,0,51.18,Q
519,1,1,Passenger_519,female,39.79,0,0,101.59,Q
520,0,2,Passenger_520,male,20.29,0,2,61.82,C
521,1,2,Passenger_521,female,67.91,0,0,71.62,C
522,1,3,Passenger_522,female,26.84,0,0,45.97,C
523,0,1,Passenger_523,male,46.36,2,2,103.62,S
524,0,3,Passenger_524,male,57.42,0,0,29.68,Q
525,0,1,Passenger_525,male,28.85,3,0,92.37,Q
526,1,2,Passenger_526,female,70.87,2,2,59.06,C
527,0,3,Passenger_527,male,62.16,1,2,46.87,Q
528,0,2,Passenger_528,male,71.27,0,0,68.41,Q
529,1,1,Passenger_529,male,28.03,2,2,94.89,Q
530,0,3,Passenger_530,male,36.13,1,2,39.01,C
531,1,1,Passenger_531,female,18.76,0,1,96.95,Q
532,0,3,Passenger_532,male,61.33,0,0,41.15,C
533,1,2,Passenger_533,female,51.30,1,2,63.21,S
534,0,1,Passenger_534,male,22.36,3,2,100.18,Q
535,1,2,Passenger_535,female,47.31,1,2,56.47,Q
536,1,1,Passenger_536,male,39.67,0,0,85.65,Q
537,0,3,Passenger_537,male,26.83,0,1,38.46,C
538,1,1,Passenger_538,male,68.67,3,1,107.29,Q
539,1,3,Passenger_539,female,42.94,1,0,27.97,C
540,1,1,Passenger_540,female,54.41,2,2,84.43,C
541,0,1,Passenger_541,male,65.27,3,2,93.82,S
542,0,2,Passenger_542,male,72.23,0,0,76.78,Q
543,0,2,Passenger_543,male,59.57,1,0,78.01,C
544,1,3,Passenger_544,female,33.23,3,2,30.97,C
545,1,2,Passenger_545,male,26.91,2,1,54.78,Q
546,0,2,Passenger_546,male,26.68,1,0,66.24,S
547,0,3,Passenger_547,male,61.70,1,1,25.44,Q
548,1,2,Passenger_548,female,18.05,0,0,77.37,S
549,0,2,Passenger_549,male,41.37,0,2,52.23,S
550,0,3,Passenger_550,male,61.18,2,2,53.68,C
551,1,2,Passenger_551,female,33.39,3,2,75.17,Q
552,0,1,Passenger_552,male,36.21,0,0,104.90,C
553,0,3,Passenger_553,male,26.54,1,2,43.12,C
554,1,3,Passenger_554,female,33.39,3,2,55.47,C
555,0,3,Passenger_555,male,56.25,1,2,51.93,S
556,0,3,Passenger_556,male,70.38,0,2,25.59,Q
557,0,3,Passenger_557,male,58.87,0,0,44.57,C
558,1,2,Passenger_558,female,34.93,3,1,63.57,C
559,1,2,Passenger_559,female,30.35,2,0,50.55,S
560,1,1,Passenger_560,female,49.81,1,0,80.32,Q
561,0,3,Passenger_561,male,40.86,1,0,37.51,C
562,1,2,Passenger_562,female,48.22,2,0,74.41,C
563,1,3,Passenger_563,female,59.73,2,0,31.99,C
564,0,1,Passenger_564,male,64.22,3,1,78.89,Q
565,1,2,Passenger_565,female,57.37,3,0,78.63,S
566,0,3,Passenger_566,male,53.93,1,1,49.91,Q
567,1,3,Passenger_567,female,52.28,2,1,30.52,S
568,0,3,Passenger_568,male,52.58,3,2,27.96,S
569,0,2,Passenger_569,male,34.00,1,1,55.70,C
570,1,2,Passenger_570,female,47.29,1,1,57.48,C
571,1,2,Passenger_571,female,65.82,3,1,81.26,S
572,1,1,Passenger_572,female,59.46,0,1,84.41,Q
573,0,3,Passenger_573,male,24.45,1,1,59.31,S
574,1,1,Passenger_574,female,21.68,3,0,97.21,C
575,1,2,Passenger_575,female,68.92,1,0,56.73,S
576,0,2,Passenger_576,male,41.97,2,0,75.32,C
577,0,2,Passenger_577,male,50.57,3,1,64.31,C
578,1,2,Passenger_578,female,68.44,0,2,69.15,C
579,1,2,Passenger_579,female,68.24,0,2,68.20,S
580,0,3,Passenger_580,male,34.41,1,1,55.61,C
581,0,2,Passenger_581,male,56.62,0,1,56.40,Q
582,0,2,Passenger_582,male,33.87,3,2,70.86,Q
583,1,1,Passenger_583,female,38.85,2,1,92.83,C
584,1,2,Passenger_584,female,50.96,2,2,63.84,S
585,1,1,Passenger_585,female,62.80,2,2,109.26,Q
586,0,2,Passenger_586,male,70.98,1,1,81.23,Q
587,1,2,Passenger_587,female,51.49,2,0,83.62,S
588,1,2,Passenger_588,female,51.86,3,1,57.40,Q
589,0,3,Passenger_589,male,53.60,1,2,41.35,Q
590,0,1,Passenger_590,male,22.06,0,1,100.21,Q
591,0,2,Passenger_591,male,18.92,0,0,63.16,C
592,0,2,Passenger_592,male,29.72,2,0,51.74,S
593,0,2,Passenger_593,male,68.14,1,2,62.58,S
594,0,3,Passenger_594,male,38.97,0,1,33.53,Q
595,1,1,Passenger_595,male,48.70,1,2,102.30,Q
596,0,3,Passenger_596,male,58.45,1,2,28.16,Q
597,0,3,Passenger_597,male,68.86,3,0,47.95,C
598,1,2,Passenger_598,male,25.15,2,2,54.68,Q
599,1,3,Passenger_599,female,40.01,1,1,53.83,C
600,1,3,Passenger_600,female,53.53,3,1,48.19,C
601,1,3,Passenger_601,female,37.18,0,2,36.26,C
602,1,2,Passenger_602,female,63.48,3,1,68.91,Q
603,1,1,Passenger_603,male,26.98,1,1,98.11,C
604,1,2,Passenger_604,female,49.55,0,0,79.46,C
605,0,2,Passenger_605,male,37.67,2,2,80.51,S
606,1,3,Passenger_606,female,20.37,3,2,41.41,Q
607,0,3,Passenger_607,male,39.63,0,1,41.34,Q
608,0,2,Passenger_608,male,46.97,2,0,75.59,C
609,1,3,Passenger_609,female,23.70,3,0,42.12,C
610,0,2,Passenger_610,male,49.46,2,0,64.10,S
611,0,2,Passenger_611,male,29.54,0,1,66.06,C
612,1,2,Passenger_612,female,46.84,1,1,51.49,S
613,0,2,Passenger_613,male,37.50,2,2,78.30,Q
614,0,3,Passenger_614,male,19.96,3,1,45.70,C
615,0,2,Passenger_615,male,53.78,2,2,55.18,S
616,0,3,Passenger_616,male,69.76,2,2,29.23,C
617,0,3,Passenger_617,male,65.60,1,0,52.30,C
618,1,3,Passenger_618,female,19.79,0,2,54.95,C
619,0,1,Passenger_619,male,27.84,0,2,108.26,Q
620,1,2,Passenger_620,female,46.73,2,1,64.30,S
621,0,3,Passenger_621,male,41.13,0,1,40.11,C
622,0,2,Passenger_622,male,58.87,0,1,63.55,S
623,0,3,Passenger_623,male,64.75,3,2,34.17,Q
624,1,3,Passenger_624,female,20.21,0,0,48.74,Q
625,0,2,Passenger_625,male,43.97,0,1,73.74,S
626,1,1,Passenger_626,female,59.81,2,0,88.77,Q
627,1,3,Passenger_627,female,46.93,3,1,50.19,Q
628,0,1,Passenger_628,male,36.51,0,1,108.35,Q
629,1,2,Passenger_629,male,21.19,3,1,77.78,Q
630,1,2,Passenger_630,female,19.33,3,1,73.21,Q
631,0,1,Passenger_631,male,44.83,2,1,106.72,Q
632,0,3,Passenger_632,male,25.05,0,1,36.99,C
633,1,1,Passenger_633,female,39.38,2,1,84.57,S
634,0,2,Passenger_634,male,44.27,2,2,78.70,S
635,0,1,Passenger_635,male,54.45,2,0,98.36,C
636,0,2,Passenger_636,male,18.62,0,0,81.84,Q
637,1,2,Passenger_637,female,42.39,2,1,62.37,C
638,0,3,Passenger_638,male,30.65,2,2,60.00,Q
639,1,2,Passenger_639,female,30.78,0,0,64.50,S
640,0,3,Passenger_640,male,43.06,3,0,45.87,C
641,0,3,Passenger_641,male,30.89,3,1,28.43,C
642,0,1,Passenger_642,male,65.74,1,2,108.29,Q
643,1,1,Passenger_643,male,30.95,1,2,96.35,S
644,1,2,Passenger_644,female,34.08,2,0,68.99,S
645,0,2,Passenger_645,male,50.17,2,0,79.45,Q
646,0,2,Passenger_646,male,50.90,1,1,50.61,C
647,1,3,Passenger_647,female,71.23,1,0,53.10,C
648,0,1,Passenger_648,male,32.62,0,2,86.49,Q
649,1,1,Passenger_649,male,24.54,3,0,84.80,C
650,1,3,Passenger_650,female,26.92,3,2,42.82,C
651,0,1,Passenger_651,male,49.30,3,2,99.50,Q
652,0,2,Passenger_652,male,28.43,0,2,73.17,S
653,1,2,Passenger_653,female,31.04,3,1,63.72,C
654,1,2,Passenger_654,female,61.38,3,2,65.74,Q
655,1,3,Passenger_655,female,61.84,3,2,31.99,C
656,0,3,Passenger_656,male,58.19,2,0,56.39,Q
657,0,3,Passenger_657,male,20.46,0,1,37.12,C
658,1,1,Passenger_658,female,26.28,1,1,92.82,C
659,1,2,Passenger_659,female,67.41,0,0,51.09,S
660,0,3,Passenger_660,male,63.12,0,0,52.25,Q
661,1,2,Passenger_661,female,60.25,0,1,69.42,Q
662,0,1,Passenger_662,male,55.64,1,2,98.19,Q
663,0,3,Passenger_663,male,47.58,0,0,37.73,Q
664,0,3,Passenger_664,male,36.55,1,0,57.35,Q
665,1,1,Passenger_665,female,52.71,1,2,84.15,S
666,1,3,Passenger_666,female,55.18,2,2,48.99,S
667,0,3,Passenger_667,male,25.49,1,0,35.47,S
668,0,3,Passenger_668,male,52.58,3,0,33.22,Q
669,0,2,Passenger_669,male,66.16,2,0,73.09,C
670,1,1,Passenger_670,female,65.61,2,0,95.37,C
671,1,3,Passenger_671,female,53.16,2,2,34.15,Q
672,0,3,Passenger_672,male,27.06,2,0,56.76,Q
673,1,2,Passenger_673,female,28.23,2,2,54.43,C
674,0,2,Passenger_674,male,41.63,0,1,70.93,Q
675,0,1,Passenger_675,male,69.28,0,0,78.10,Q
676,1,1,Passenger_676,female,40.11,0,2,89.68,Q
677,0,3,Passenger_677,male,46.56,2,1,37.67,S
678,0,3,Passenger_678,male,66.82,2,1,47.27,Q
679,1,1,Passenger_679,female,67.47,2,1,77.59,C
680,1,2,Passenger_680,female,64.33,1,2,73.17,S
681,1,1,Passenger_681,female,55.32,1,0,102.02,C
682,1,1,Passenger_682,female,64.51,3,1,105.91,S
683,0,2,Passenger_683,male,35.46,2,1,72.01,C
684,0,3,Passenger_684,male,57.14,3,1,25.74,S
685,0,3,Passenger_685,male,26.10,3,2,56.24,Q
686,1,3,Passenger_686,female,55.81,1,2,54.46,S
687,1,3,Passenger_687,female,18.60,0,2,27.92,C
688,1,3,Passenger_688,female,46.31,2,0,51.22,S
689,1,3,Passenger_689,female,67.05,2,1,52.70,S
690,0,1,Passenger_690,male,66.29,1,2,108.48,S
691,0,1,Passenger_691,male,63.55,1,1,87.01,S
692,0,1,Passenger_692,male,53.45,0,0,85.08,C
693,0,3,Passenger_693,male,60.39,3,1,35.32,S
694,1,2,Passenger_694,female,20.82,1,0,75.59,Q
695,0,3,Passenger_695,male,54.77,2,2,53.00,Q
696,1,3,Passenger_696,female,52.41,3,0,53.83,S
697,1,3,Passenger_697,female,31.12,0,1,46.09,C
698,1,2,Passenger_698,female,36.88,3,0,82.76,Q
699,1,2,Passenger_699,female,49.15,2,2,70.71,S
700,1,3,Passenger_700,female,32.84,2,1,37.07,Q
701,1,2,Passenger_701,female,72.27,3,0,67.48,S
702,1,1,Passenger_702,male,23.60,2,1,103.71,S
703,0,1,Passenger_703,male,42.40,1,1,93.85,Q
704,1,1,Passenger_704,female,61.93,1,2,90.08,Q
705,0,2,Passenger_705,male,40.34,3,2,56.61,Q
706,0,2,Passenger_706,male,35.18,3,1,82.19,S
707,1,2,Passenger_707,male,26.18,1,1,77.17,Q
708,0,1,Passenger_708,male,38.68,0,2,87.55,C
709,1,2,Passenger_709,female,43.24,0,1,68.69,Q
710,0,3,Passenger_710,male,18.87,1,1,26.91,Q
711,1,2,Passenger_711,female,29.42,1,1,70.87,C
712,0,3,Passenger_712,male,48.15,2,0,30.68,C
713,1,2,Passenger_713,female,64.82,3,2,75.96,C
714,0,2,Passenger_714,male,60.02,2,1,67.38,S
715,1,3,Passenger_715,female,19.81,3,0,33.06,C
716,0,3,Passenger_716,male,22.63,3,0,37.08,S
717,0,3,Passenger_717,male,59.53,0,2,46.72,Q
718,1,2,Passenger_718,female,44.25,2,2,70.80,Q
719,0,2,Passenger_719,male,30.40,3,2,73.43,C
720,0,1,Passenger_720,male,23.11,1,1,84.12,S
721,0,2,Passenger_721,male,21.59,2,1,72.01,Q
722,1,1,Passenger_722,female,18.93,2,1,78.84,S
723,1,3,Passenger_723,female,50.05,3,0,49.02,Q
724,0,2,Passenger_724,male,26.28,0,2,74.75,C
725,0,1,Passenger_725,male,59.85,1,2,76.12,C
726,0,3,Passenger_726,male,56.39,1,1,48.66,C
727,1,3,Passenger_727,female,33.20,2,2,50.44,S
728,0,2,Passenger_728,male,21.89,2,2,78.61,Q
729,0,1,Passenger_729,male,56.00,2,2,107.19,Q
730,1,2,Passenger_730,female,42.28,1,1,82.69,C
731,0,1,Passenger_731,male,18.86,2,2,102.38,C
732,0,2,Passenger_732,male,26.26,1,1,70.96,Q
733,0,2,Passenger_733,male,38.91,1,0,50.68,C
734,1,1,Passenger_734,female,65.27,2,2,76.86,C
735,0,3,Passenger_735,male,38.32,0,2,37.63,Q
736,1,2,Passenger_736,female,31.54,1,2,80.05,C
737,1,1,Passenger_737,male,23.95,1,1,92.95,S
738,1,2,Passenger_738,female,68.32,3,2,83.13,C
739,0,2,Passenger_739,male,43.09,0,1,50.29,Q
740,0,2,Passenger_740,male,55.66,1,1,67.61,Q
741,1,2,Passenger_741,female,67.23,2,0,64.47,Q
742,0,3,Passenger_742,male,26.55,3,2,55.45,S
743,0,2,Passenger_743,male,34.57,3,1,53.20,Q
744,1,2,Passenger_744,female,62.45,0,1,53.37,S
745,0,1,Passenger_745,male,58.89,0,2,108.51,S
746,0,1,Passenger_746,male,37.85,1,0,94.22,S
747,0,3,Passenger_747,male,39.63,0,2,44.02,Q
748,0,1,Passenger_748,male,31.13,3,0,109.50,C
749,1,2,Passenger_749,male,20.66,0,0,70.27,Q
750,1,2,Passenger_750,female,48.24,3,1,65.12,S
751,0,3,Passenger_751,male,70.97,2,2,57.21,S
752,0,2,Passenger_752,male,25.06,3,1,54.95,Q
753,0,1,Passenger_753,male,45.04,2,1,95.36,Q
754,1,3,Passenger_754,female,69.97,3,1,48.62,C
755,1,3,Passenger_755,female,40.52,3,0,36.88,S
756,1,3,Passenger_756,female,21.73,0,2,55.24,Q
757,1,2,Passenger_757,female,24.09,2,1,68.35,Q
758,0,2,Passenger_758,male,67.60,1,1,71.71,C
759,0,1,Passenger_759,male,54.73,0,0,85.96,Q
760,1,3,Passenger_760,female,43.83,0,2,58.03,Q
761,1,3,Passenger_761,female,34.64,1,1,51.88,S
762,0,3,Passenger_762,male,50.02,2,1,59.21,C
763,1,3,Passenger_763,female,46.71,0,1,52.89,S
764,1,2,Passenger_764,female,64.49,0,2,76.31,S
765,0,3,Passenger_765,male,64.84,3,0,32.33,Q
766,0,3,Passenger_766,male,32.62,2,2,27.20,C
767,1,2,Passenger_767,female,50.91,0,0,52.35,S
768,1,3,Passenger_768,female,71.70,0,0,51.87,C
769,0,3,Passenger_769,male,37.90,0,1,37.81,S
770,0,3,Passenger_770,male,36.41,0,1,40.64,S
771,0,3,Passenger_771,male,67.69,3,0,50.37,Q
772,0,2,Passenger_772,male,30.60,1,2,82.73,Q
773,1,1,Passenger_773,female,33.61,3,0,94.76,S
774,1,1,Passenger_774,female,69.34,2,1,106.89,Q
775,0,3,Passenger_775,male,44.30,0,0,49.75,C
776,0,2,Passenger_776,male,55.67,2,1,84.85,C
777,0,3,Passenger_777,male,65.90,1,1,32.73,S
778,0,3,Passenger_778,male,25.63,2,1,58.35,C
779,0,3,Passenger_779,male,20.76,2,0,47.24,C
780,1,3,Passenger_780,female,40.78,3,1,33.85,S
781,0,3,Passenger_781,male,25.62,0,2,41.80,C
782,0,3,Passenger_782,male,63.06,2,2,34.09,C
783,0,2,Passenger_783,male,46.67,2,1,63.01,C
784,0,3,Passenger_784,male,49.03,1,0,28.65,Q
785,1,2,Passenger_785,female,49.61,3,2,74.61,C
786,0,3,Passenger_786,male,43.14,3,2,34.71,C
787,0,2,Passenger_787,male,58.18,3,0,71.67,C
788,0,3,Passenger_788,male,68.05,0,2,30.96,Q
789,0,3,Passenger_789,male,40.31,1,2,35.27,S
790,1,1,Passenger_790,male,18.11,2,2,84.34,Q
791,1,1,Passenger_791,male,22.13,1,1,84.68,C
792,0,1,Passenger_792,male,47.36,0,0,90.94,C
793,0,3,Passenger_793,male,45.22,1,0,32.48,C
794,1,2,Passenger_794,female,31.64,0,2,81.70,C
795,1,3,Passenger_795,female,35.12,3,2,59.26,Q
796,0,3,Passenger_796,male,44.63,0,2,35.99,C
797,1,2,Passenger_797,female,63.88,2,1,69.68,Q
798,0,1,Passenger_798,male,57.15,0,2,106.72,Q
799,0,3,Passenger_799,male,43.13,3,1,32.52,C
800,1,2,Passenger_800,female,67.40,2,1,81.21,Q
801,0,3,Passenger_801,male,23.80,1,1,36.52,Q
802,0,2,Passenger_802,male,69.91,2,2,61.25,Q
803,0,1,Passenger_803,male,34.31,2,1,101.40,C
804,0,3,Passenger_804,male,20.74,3,1,57.84,S
805,0,2,Passenger_805,male,56.46,3,0,80.92,S
806,1,1,Passenger_806,female,63.46,1,2,81.94,Q
807,0,2,Passenger_807,male,19.64,1,2,77.58,Q
808,0,2,Passenger_808,male,48.09,2,1,73.07,C
809,1,1,Passenger_809,female,64.41,1,1,106.45,Q
810,0,2,Passenger_810,male,48.85,1,0,73.97,Q
811,0,1,Passenger_811,male,23.90,1,1,97.94,C
812,0,3,Passenger_812,male,39.20,0,0,48.31,S
813,0,3,Passenger_813,male,45.92,3,2,41.83,Q
814,1,1,Passenger_814,female,69.03,2,1,84.18,Q
815,0,2,Passenger_815,male,54.71,0,0,72.33,C
816,0,2,Passenger_816,male,45.65,0,1,55.56,C
817,1,3,Passenger_817,female,33.73,3,1,59.40,C
818,1,1,Passenger_818,female,19.10,3,1,99.22,S
819,0,1,Passenger_819,male,19.66,3,2,89.46,C
820,0,2,Passenger_820,male,56.77,1,0,53.52,S
821,1,2,Passenger_821,female,25.78,1,1,83.25,S
822,0,2,Passenger_822,male,21.61,1,0,61.07,S
823,0,3,Passenger_823,male,64.98,1,2,51.28,S
824,1,1,Passenger_824,female,23.08,2,2,97.88,S
825,0,3,Passenger_825,male,25.11,2,0,45.03,S
826,1,3,Passenger_826,female,56.01,1,2,43.82,Q
827,1,2,Passenger_827,female,65.81,2,2,52.70,S
828,1,2,Passenger_828,female,28.01,3,2,76.21,S
829,0,1,Passenger_829,male,61.04,3,2,109.65,S
830,1,1,Passenger_830,male,61.05,2,2,87.12,Q
831,0,2,Passenger_831,male,47.75,3,2,66.26,C
832,1,1,Passenger_832,female,31.59,1,1,99.70,Q
833,0,2,Passenger_833,male,58.08,1,0,64.43,S
834,0,3,Passenger_834,male,58.98,3,0,38.92,S
835,0,2,Passenger_835,male,55.81,2,1,77.59,C
836,1,1,Passenger_836,male,25.49,3,2,88.35,Q
837,0,2,Passenger_837,male,54.16,1,1,56.73,Q
838,1,1,Passenger_838,female,52.41,3,2,88.62,C
839,1,1,Passenger_839,male,24.94,1,0,108.51,S
840,1,3,Passenger_840,female,69.22,2,1,51.73,C
841,1,1,Passenger_841,female,60.42,0,1,107.49,C
842,1,2,Passenger_842,female,33.86,3,2,52.93,Q
843,1,1,Passenger_843,female,32.33,2,0,104.92,Q
844,0,3,Passenger_844,male,55.44,2,0,33.87,S
845,0,3,Passenger_845,male,52.37,3,2,29.77,C
846,0,2,Passenger_846,male,35.17,0,1,60.98,Q
847,1,2,Passenger_847,female,38.79,3,1,75.39,C
848,0,2,Passenger_848,male,26.69,1,2,63.81,S
849,0,1,Passenger_849,male,65.74,1,1,99.76,Q
850,1,1,Passenger_850,female,67.79,2,1,81.65,S
851,0,3,Passenger_851,male,67.75,2,2,27.25,C
852,0,1,Passenger_852,male,28.51,2,0,99.07,Q
853,0,1,Passenger_853,male,60.20,1,1,108.98,Q
854,0,3,Passenger_854,male,71.76,1,2,38.32,S
855,1,2,Passenger_855,female,63.41,0,1,61.05,S
856,1,2,Passenger_856,female,56.80,3,2,74.97,Q
857,1,1,Passenger_857,female,28.96,1,1,100.02,C
858,0,1,Passenger_858,male,43.17,2,1,88.18,C
859,0,3,Passenger_859,male,21.98,0,0,58.50,C
860,0,2,Passenger_860,male,18.21,3,2,77.43,C
861,0,2,Passenger_861,male,22.22,2,2,53.33,C
862,0,3,Passenger_862,male,33.60,2,2,38.55,S
863,1,3,Passenger_863,female,26.30,1,2,31.04,C
864,1,3,Passenger_864,female,39.48,3,2,36.31,C
865,1,3,Passenger_865,female,32.67,1,0,59.08,C
866,1,2,Passenger_866,female,50.12,2,0,62.44,C
867,0,1,Passenger_867,male,44.49,1,0,84.02,C
868,0,3,Passenger_868,male,68.82,0,2,40.46,S
869,0,2,Passenger_869,male,50.79,2,1,60.93,Q
870,0,2,Passenger_870,male,51.42,2,1,58.04,Q
871,1,3,Passenger_871,female,53.16,1,2,48.86,Q
872,1,1,Passenger_872,female,54.25,3,2,99.56,C
873,0,1,Passenger_873,male,51.71,0,1,84.37,Q
874,0,3,Passenger_874,male,25.43,2,2,59.64,S
875,1,2,Passenger_875,female,23.88,0,2,73.05,S
876,0,3,Passenger_876,male,30.83,1,2,41.67,S
877,0,3,Passenger_877,male,52.09,1,0,29.36,Q
878,1,2,Passenger_878,female,55.45,2,2,61.87,S
879,1,2,Passenger_879,female,54.79,0,1,64.79,S
880,0,2,Passenger_880,male,39.46,2,0,59.93,Q
881,1,2,Passenger_881,female,41.06,3,1,66.07,C
882,0,3,Passenger_882,male,63.61,3,0,46.14,S
883,0,3,Passenger_883,male,46.49,2,1,37.24,S
884,0,3,Passenger_884,male,65.60,0,0,59.75,C
885,1,1,Passenger_885,female,72.67,3,2,90.92,Q
886,1,2,Passenger_886,female,43.73,3,0,67.54,S
887,1,1,Passenger_887,male,27.36,0,1,90.00,S
888,0,3,Passenger_888,male,52.49,2,0,52.88,S
889,0,2,Passenger_889,male,57.17,3,0,55.56,Q
890,0,2,Passenger_890,male,42.91,3,0,73.45,Q
891,0,2,Passenger_891,male,34.14,1,0,62.73,Q
